codigo,art,id,pontos,descricao
1,162 I,50102,7,50102 - DIRIGIR VEÍCULO SEM POSSUIR PERMISSÃO PARA DIRIGIR
2,162 II,50293,7,50293 - DIRIGIR VEÍCULO COM CNH COM SUSPENSÃO DO DIREITO DE DIRIGIR
3,162 II,50290,7,50290 - DIRIGIR VEÍCULO COM CNH OU PERMISSÃO PARA DIRIGIR CASSADA OU COM SUSPENSÃO DO DIREITO DE DIRIGIR
4,162 I,50101,7,50101 - DIRIGIR VEÍCULO SEM POSSUIR CNH
5,162 II,50292,7,50292 - DIRIGIR VEÍCULO COM PERMISSÃO PARA DIRIGIR CASSADA
6,162 II,50291,7,50291 - DIRIGIR VEÍCULO COM CNH CASSADA
7,162 I,50100,7,50100 - DIRIGIR VEÍCULO SEM POSSUIR CNH OU PERMISSÃO PARA DIRIGIR
8,162 II,50294,7,50294 - DIRIGIR VEÍCULO COM PERMISSÃO PARA DIRIGIR COM SUSPENSÃO DO DIREITO DE DIRIGIR
9,162 III,50371,7,50371 - DIRIGIR VEÍCULO COM CNH DE CATEGORIA DIFERENTE DA DO VEÍCULO QUE ESTEJA CONDUZINDO
10,162 III,50370,7,50370 - DIRIGIR VEÍCULO COM CNH OU PERMISSÃO PARA DIRIGIR DE CATEGORIA DIFERENTE DA DO VEÍCULO QUE ESTEJA CONDUZINDO
11,162 V,50450,7,50450 - DIRIGIR VEÍCULO COM VALIDADE DA CNH VENCIDA A MAIS DE TRINTA DIAS
12,162 III,50372,7,50372 - DIRIGIR VEÍCULO COM PERMISSÃO PARA DIRIGIR DE CATEGORIA DIFERENTE DA DO VEÍCULO QUE ESTEJA CONDUZINDO
13,162 VI,50531,7,50531 - DIRIGIR VEÍCULO SEM USAR LENTES CORRETORAS DE VISÃO
14,162 VI,50532,7,50532 - DIRIGIR VEÍCULO SEM USAR APARELHO AUXILIAR DE AUDIÇÃO
15,162 VI,50530,7,"50530 - DIRIGIR O VEÍCULO SEM USAR LENTES CORRETORAS DE VISÃO, APARELHO AUXILIAR DE AUDIÇÃO, DE PRÓTESE FÍSICA OU AS ADAPTAÇÕES DO VEÍCULO IMPOSTAS POR OCASIÃO DA CONCESSÃO OU RENOVAÇÃO DA LICENÇA PARA CONDUZIR"
16,162 VI,50533,7,50533 - DIRIGIR VEÍCULO SEM USAR PRÓTESE FÍSICA
17,162 VI,50534,7,50534 - DIRIGIR VEÍCULO SEM USAR SEM USAR AS ADAPTAÇÕES DO VEÍCULO IMPOSTAS POR OCASIÃO DA CONCESSÃO
18,163,50611,7,50611 - ENTREGAR A DIREÇÃO DO VEÍCULO A PESSOA QUE NÃO POSSUA CNH
19,163,50612,7,50612 - ENTREGAR A DIREÇÃO DO VEÍCULO A PESSOA QUE NÃO POSSUA PERMISSÃO PARA DIRIGIR
20,162 VI,50535,7,50535 - DIRIGIR VEÍCULO SEM A RENOVAÇÃO DA LICENÇA PARA CONDUZIR
21,163,50610,7,50610 - ENTREGAR A DIREÇÃO DO VEÍCULO A PESSOA QUE NÃO POSSUA CNH OU PERMISSÃO PARA DIRIGIR
22,163,50700,7,50700 - ENTREGAR A DIREÇÃO DO VEÍCULO A PESSOA COM CNH OU PERMISSÃO PARA DIRIGIR CASSADA OU COM SUSPENSÃO DO DIREITO DE DIRIGIR
23,163,50704,7,50704 - ENTREGAR A DIREÇÃO DO VEÍCULO A PESSOA COM PERMISSÃO PARA DIRIGIR COM SUSPENSÃO DO DIREITO DE DIRIGIR
24,163,50702,7,50702 - ENTREGAR A DIREÇÃO DO VEÍCULO A PESSOA COM PERMISSÃO PARA DIRIGIR CASSADA
25,163,50701,7,50701 - ENTREGAR A DIREÇÃO DO VEÍCULO A PESSOA COM CNH CASSADA
26,163,50703,7,50703 - ENTREGAR A DIREÇÃO DO VEÍCULO A PESSOA COM CNH COM SUSPENSÃO DO DIREITO DE DIRIGIR
27,163,50880,7,50880 - ENTREGAR A DIREÇÃO DO VEÍCULO A PESSOA COM CNH OU PERMISSÃO PARA DIRIGIR DE CATEGORIA DIFERENTE DA DO VEÍCULO QUE ESTEJA CONDUZINDO
28,163 c/c 162 III,50881,7,50881 - ENTREGAR VEÍCULO A PESSOA COM CNH DE CATEGORIA DIFERENTE DA DO VEÍCULO
29,163,50882,7,"50882 - ENTREGAR A DIREÇÃO DO VEÍCULO A PESSOA COM PERMISSÃO PARA DIRIGIR, DE CATEGORIA DIFERENTE DA DO VEÍCULO QUE ESTEJA CONDUZINDO"
30,163,51000,7,"51000 - ENTREGAR A DIREÇÃO DO VEÍCULO A PESSOA SEM USAR LENTES CORRETORAS DE VISÃO, APARELHO AUXILIAR DE AUDIÇÃO, DE PRÓTESE FÍSICA OU AS ADAPTAÇÕES DO VEÍCULO IMPOSTAS POR OCASIÃO DA CONCESSÃO OU RENOVAÇÃO DA LICENÇA PARA CONDUZIR"
31,163,51001,7,51001 - ENTREGAR A DIREÇÃO DO VEÍCULO A PESSOA SEM USAR LENTES CORRETORAS DE VISÃO
32,163,50960,7,50960 - ENTREGAR A DIREÇÃO DO VEÍCULO A PESSOA COM VALIDADE DA CNH VENCIDA A MAIS DE TRINTA DIAS
33,163,51003,7,51003 - ENTREGAR A DIREÇÃO DO VEÍCULO A PESSOA SEM USAR PRÓTESE FÍSICA
34,163,51002,7,51002 - ENTREGAR A DIREÇÃO DO VEÍCULO A PESSOA SEM USAR APARELHO AUXILIAR DE AUDIÇÃO
35,164,51181,7,"51181 - PERMITIR QUE TOME POSSE DO VEÍCULO AUTOMOTOR E PASSE A CONDUZI-LO NA VIA, A PESSOA QUE NÃO POSSUA CNH"
36,163,51005,7,51005 - ENTREGAR A DIREÇÃO DO VEÍCULO A PESSOA SEM A LICENÇA PARA CONDUZIR
37,164,51260,7,"51260 - PERMITIR QUE TOME POSSE DO VEÍCULO AUTOMOTOR E PASSE A CONDUZI-LO NA VIA, PESSOA COM CNH OU PERMISSÃO PARA DIRIGIR CASSADA OU COM SUSPENSÃO DO DIREITO DE DIRIGIR"
38,164,51180,7,51180 - PERMITIR QUE TOME POSSE DO VEÍCULO AUTOMOTOR E PASSE A CONDUZI-LO NA VIA A PESSOA QUE NÃO POSSUA CNH OU PERMISSÃO PARA DIRIGIR
39,164,51264,7,51264 - PERMITIR QUE TOME POSSE DO VEÍCULO E PASSE A CONDUZI-LO NA VIA A PESSOA COM PERMISSÃO PARA DIRIGIR SUSPENSA
40,164,51261,7,51261 - PERMITIR QUE TOME POSSE DO VEÍCULO E PASSE A CONDUZI-LO NA VIA A PESSOA COM CNH CASSADA
41,164,51262,7,51262 - PERMITIR QUE TOME POSSE DO VEÍCULO E PASSE A CONDUZI-LO NA VIA A PESSOA COM PERMISSÃO PARA DIRIGIR CASSADA
42,163 c/c 162 II,51263,7,51263 - PERMITIR POSSE/ CONDUÇÃO VEÍCULO PESSOA COM CNH/ PPD COM SUSPENSÃO DIREITO DE DIRIGIR
43,164,51182,7,"51182 - PERMITIR QUE TOME POSSE DO VEÍCULO AUTOMOTOR E PASSE A CONDUZI-LO NA VIA, A PESSOA QUE NÃO POSSUA PERMISSÃO PARA DIRIGIR"
44,163,51004,7,"51004 - ENTREGAR A DIREÇÃO DO VEÍCULO A PESSOA SEM USAR AS ADAPTAÇÕES DO VEÍCULO, IMPOSTAS POR OCASIÃO DA CONCESSÃO"
45,164,51340,7,"51340 - PERMITIR QUE TOME POSSE DO VEÍCULO AUTOMOTOR E PASSE A CONDUZI-LO NA VIA, A PESSOA COM CNH OU PERMISSÃO PARA DIRIGIR DE CATEGORIA DIFERENTE DA DO VEÍCULO QUE ESTEJA CONDUZINDO"
46,164,51341,7,51341 - PERMITIR QUE TOME POSSE DO VEÍCULO E PASSE A CONDUZI-LO NA VIA A PESSOA COM CNH DE CATEGORIA DIFERENTE DA DO VEÍCULO QUE ESTEJA CONDUZINDO
47,164,51342,7,51342 - PERMITIR QUE TOME POSSE DO VEÍCULO E PASSE A CONDUZI-LO NA VIA A PESSOA COM PERMISSÃO PARA DIRIGIR DE CATEGORIA DIFERENTE DA DO VEÍCULO QUE ESTEJA CONDUZINDO
48,164,51420,7,51420 - PERMITIR QUE TOME POSSE DO VEÍCULO E PASSE A CONDUZI-LO NA VIA A PESSOA COM VALIDADE DA CNH VENCIDA A MAIS DE TRINTA DIAS
49,164,51502,7,51502 - PERMITIR QUE TOME POSSE DO VEÍCULO E PASSE A CONDUZI-LO NA VIA A PESSOA SEM USAR APARELHO AUXILIAR DE AUDIÇÃO
50,164,51501,7,51501 - PERMITIR QUE TOME POSSE DO VEÍCULO E PASSE A CONDUZI-LO NA VIA A PESSOA SEM USAR LENTES CORRETORAS DE VISÃO
51,164,51500,7,"51500 - PERMITIR QUE TOME POSSE DO VEÍCULO E PASSE A CONDUZI-LO NA VIA A PESSOA SEM USAR LENTES CORRETORAS DE VISÃO , APARELHO AUXILIAR DE AUDIÇÃO, DE PRÓTESE FÍSICA OU AS ADAPTAÇÕES DO VEÍCULO IMPOSTAS POR OCASIÃO DA CONCESSÃO OU RENOVAÇÃO DA LICENÇA PARA CONDUZIR"
52,164,51503,7,51503 - PERMITIR QUE TOME POSSE DO VEÍCULO E PASSE A CONDUZI-LO NA VIA A PESSOA SEM USAR PRÓTESE FÍSICA
53,163 c/c 162 VI,51504,7,51504 - PERMITIR POSSE/ CONDUÇÃO DO VEÍCULO SEM ADAPTAÇÕES IMPOSTAS CONCESSÃO/ RENOVAÇÃO DE LICENÇA PARA CONDUZIR
54,165,51690,7,"51690 - DIRIGIR SOB INFLUÊNCIA DE ÁLCOOL, EM NÍVEL SUPERIOR A SEIS DECIGRAMAS POR LITRO DE SANGUE OU DE QUALQUER SUBSTÂNCIA ENTORPECENTE OU QUE DETERMINE DEPENDÊNCIA FÍSICA OU PSÍQUICA"
55,164,51505,7,51505 - PERMITIR QUE TOME POSSE DO VEÍCULO E PASSE A CONDUZI-LO NA VIA A PESSOA SEM A RENOVAÇÃO DE LICENÇA PARA CONDUZIR
56,166,51770,7,"51770 - CONFIAR OU ENTREGAR A DIREÇÃO DO VEÍCULO A PESSOA QUE, MESMO HABILITADA, POR SEU ESTADO FÍSICO OU PSÍQUICO, NÃO ESTIVER EM CONDIÇÕES DE DIRIGI-LO COM SEGURANÇA"
57,166,51772,7,"51772 - ENTREGAR A DIREÇÃO DE VEÍCULO A PESSOA QUE, MESMO HABILITADA, POR SEU ESTADO FÍSICO OU PSÍQUICO, NÃO ESTIVER EM CONDIÇÕES DE DIRIGI-LO COM SEGURANÇA"
58,167,51850,5,51850 - DEIXAR O CONDUTOR OU PASSAGEIRO DE USAR O CINTO DE SEGURANÇA
59,167,51851,5,51851 - DEIXAR O CONDUTOR DE USAR O CINTO DE SEGURANÇA
60,167,51852,5,51852 - DEIXAR O PASSAGEIRO DE USAR O CINTO DE SEGURANÇA
61,168,51930,7,51930 - TRANSPORTAR CRIANÇA SEM OBSERVÂNCIA DAS NORMAS DE SEGURANÇA ESTABELECIDAS PELO CTB
62,169,52070,3,52070 - DIRIGIR SEM ATENÇÃO OU SEM OS CUIDADOS INDISPENSÁVEIS A SEGURANÇA
63,171,52233,4,52233 - USAR O VEÍCULO PARA ARREMESSAR DETRITOS SOBRE OS PEDESTRES
64,171,52234,4,52234 - USAR O VEÍCULO PARA ARREMESSAR DETRITOS SOBRE OS VEÍCULOS
65,170,52150,7,52150 - DIRIGIR AMEAÇANDO OS PEDESTRES QUE ESTEJAM ATRAVESSANDO A VIA PÚBLICA OU OS DEMAIS VEÍCULOS
66,165,51691,7,51691 - DIRIGIR SOB A INFLUÊNCIA DE ÁLCOOL
67,165,51692,7,51692 - DIRIGIR SOB INFLUÊNCIA SUBSTÂNCIA DE ENTORPECENTE OU QUE DETERMINE DEPENDÊNCIA FÍSICA/ PSÍQUICA
68,170,52151,7,52151 - DIRIGIR AMEAÇANDO OS PEDESTRES QUE ESTEJAM ATRAVESSANDO A VIA PÚBLICA
69,166,51771,7,"51771 - CONFIAR A DIREÇÃO DE VEÍCULO A PESSOA QUE, MESMO HABILITADA, POR SEU ESTADO FÍSICO OU PSÍQUICO, NÃO ESTIVER EM CONDIÇÕES DE DIRIGI-LO COM SEGURANÇA"
70,171,52230,4,52230 - USAR O VEÍCULO PARA ARREMESSAR ÁGUA OU DETRITOS SOBRE OS PEDESTRES OU VEÍCULOS
71,171,52231,4,52231 - USAR O VEÍCULO PARA ARREMESSAR ÁGUA OU DETRITOS SOBRE OS PEDESTRES
72,165,51693,7,51693 - DIRIGIR SOB INFLUÊNCIA DE SUBSTÂNCIA QUE DETERMINE DEPENDÊNCIA FÍSICA OU PSÍQUICA
73,172,52312,4,52312 - ABANDONAR NA VIA PÚBLICA OBJETOS OU SUBSTÂNCIAS
74,171,52232,4,52232 - USAR O VEÍCULO PARA ARREMESSAR ÁGUA OU DETRITOS SOBRE OS VEÍCULOS
75,173,52400,7,52400 - DISPUTAR CORRIDA POR ESPÍRITO DE EMULAÇÃO
76,174,52580,7,"52580 - PROMOVER NA VIA, COMPETIÇÃO ESPORTIVA, EVENTOS ORGANIZADOS, EXIBIÇÃO E DEMONSTRAÇÃO DE PERÍCIA EM MANOBRAS DE VEÍCULOS, SEM PERMISSÃO DA AUTORIDADE DE TRÂNSITO COM CIRCUNSCRIÇÃO SOB A VIA"
77,170,52152,7,52152 - DIRIGIR AMEAÇANDO OS DEMAIS VEÍCULOS
78,172,52310,4,52310 - ATIRAR DO VEÍCULO OU ABANDONAR NA VIA PÚBLICA OBJETOS OU SUBSTÂNCIAS
79,172,52311,4,52311 - ATIRAR DO VEÍCULO NA VIA PÚBLICA OBJETOS OU SUBSTÂNCIAS
80,174,52582,7,52582 - PROMOVER NA VIA EVENTOS ORGANIZADOS SEM PERMISSÃO
81,174,52581,7,52581 - PROMOVER NA VIA COMPETIÇÃO ESPORTIVA SEM PERMISSÃO
82,176 I,52822,7,"52822 - DEIXAR O CONDUTOR ENVOLVIDO EM ACIDENTES COM VÍTIMA DE PROVIDENCIAR SOCORRO A VÍTIMA, PODENDO FAZÊ-LO"
83,176 I,52821,7,"52821 - DEIXAR O CONDUTOR ENVOLVIDO EM ACIDENTES COM VÍTIMA DE PRESTAR SOCORRO A VÍTIMA, PODENDO FAZÊ-LO"
84,174,52583,7,52583 - PROMOVER NA VIA EXIBIÇÃO E DEMONSTRAÇÃO DE PERÍCIA EM MANOBRA DE VEÍCULO
85,174,52660,7,"52660 - PARTICIPAR NA VIA, COMO CONDUTOR DE COMPETIÇÃO ESPORTIVA, EVENTOS ORGANIZADOS, EXIBIÇÃO E DEMONSTRAÇÃO DE PERÍCIA EM MANOBRA DE VEÍCULO, SEM PERMISSÃO DA AUTORIDADE DE TRÂNSITO COM CIRCUNSCRIÇÃO SOBRE A VIA"
86,174,52661,7,"52661 - PARTICIPAR NA VIA COMO CONDUTOR EM COMPETIÇÃO ESPORTIVA, SEM PERMISSÃO"
87,175,52740,7,"52740 - UTILIZAR-SE DO VEÍCULO PARA, EM VIA PÚBLICA, DEMONSTRAR OU EXIBIR MANOBRA PERIGOSA, ARRANCADA BRUSCA, DERRAPAGEM OU FRENAGEM COM DESLIZAMENTO OU ARRASTAMENTO DE PNEUS"
88,175,52741,7,"52741 - UTILIZAR-SE DE VEÍCULO PARA, EM VIA PÚBLICA, DEMONSTRAR OU EXIBIR MANOBRA PERIGOSA COM DESLIZAMENTO OU ARRASTAMENTO DE PNEUS"
89,175,52742,7,"52742 - UTILIZAR-SE DE VEÍCULO PARA, EM VIA PÚBLICA, DEMONSTRAR OU EXIBIR ARRANCADA BRUSCA COM DESLIZAMENTO OU ARRASTAMENTO DE PNEUS"
90,179 I,53551,5,"53551 - FAZER REPARO EM VEÍCULO NA VIA PÚBLICA, SALVO NOS CASOS DE IMPEDIMENTO ABSOLUTO DE SUA REMOÇÃO EM QUE O VEÍCULO ESTEJA DEVIDAMENTE SINALIZADO, EM PISTA DE ROLAMENTO DE RODOVIA E VIA DE TRÂNSITO RÁPIDO"
91,179 I,53552,5,"53552 - DEIXAR QUE SE FAÇA REPARO EM VEÍCULO NA VIA PÚBLICA, SALVO NOS CASOS DE IMPEDIMENTO ABSOLUTO DE SUA REMOÇÃO EM QUE O VEÍCULO ESTEJA DEVIDAMENTE SINALIZADO, EM PISTA DE ROLAMENTO DE RODOVIA E VIA DE TRÂNSITO RÁPIDO"
92,175,52743,7,"52743 - UTILIZAR-SE DE VEÍCULO PARA, EM VIA PÚBLICA, DEMONSTRAR OU EXIBIR DERRAPAGEM OU FRENAGEM COM DESLIZAMENTO OU ARRASTAMENTO DE PNEUS"
93,179 II,53631,3,"53631 - FAZER REPARO EM VEÍCULO NA VIA PÚBLICA, SALVO NOS CASOS DE IMPEDIMENTO ABSOLUTO DE SUA REMOÇÃO EM QUE O VEÍCULO ESTEJA DEVIDAMENTE SINALIZADO EM OUTRAS VIAS ALÉM DE PISTA DE ROLAMENTO DE RODOVIA E DE VIAS DE TRÂNSITO RÁPIDO"
94,179 II,53632,3,"53632 - DEIXAR QUE SE FAÇA REPARO EM VEÍCULO NA VIA PÚBLICA, SALVO NOS CASOS DE IMPEDIMENTO ABSOLUTO DE SUA REMOÇÃO EM QUE O VEÍCULO ESTEJA DEVIDAMENTE SINALIZADO EM OUTRAS VIAS ALÉM DE PISTA DE ROLAMENTO DE RODOVIA E DE VIAS DE TRÂNSITO RÁPIDO"
95,176 I,52820,7,"52820 - DEIXAR O CONDUTOR ENVOLVIDO EM ACIDENTE COM VÍTIMA DE PRESTAR OU PROVIDENCIAR SOCORRO À VÍTIMA, PODENDO FAZÊ-LO"
96,176 II,52900,7,"52900 - DEIXAR O CONDUTOR ENVOLVIDO EM ACIDENTES COM VÍTIMA DE ADOTAR PROVIDÊNCIAS, PODENDO FAZÊ-LO, NO SENTIDO DE EVITAR PERIGO PARA O TRÂNSITO NO LOCAL"
97,174,52663,7,"52663 - PARTICIPAR NA VIA, COMO CONDUTOR DE EXIBIÇÃO E DEMONSTRAÇÃO DE PERÍCIA EM MANOBRA DE VEÍCULO, SEM PERMISSÃO DA AUTORIDADE DE TRÂNSITO COM CIRCUNSCRIÇÃO SOBRE A VIA"
98,176 III,53040,7,"53040 - DEIXAR O CONDUTOR ENVOLVIDO EM ACIDENTES COM VÍTIMA DE PRESERVAR O LOCAL, DEFORMA A FACILITAR OS TRABALHOS DA POLÍCIA E DA PERÍCIA"
99,174,52662,7,"52662 - PARTICIPAR NA VIA, COMO CONDUTOR DE EVENTOS ORGANIZADOS SEM PERMISSÃO DA AUTORIDADE DE TRÂNSITO COM CIRCUNSCRIÇÃO SOBRE A VIA"
100,178,53470,4,"53470 - DEIXAR O CONDUTOR, ENVOLVIDO EM ACIDENTE SEM VÍTIMA, DE ADOTAR PROVIDÊNCIAS PARA REMOVER O VEÍCULO DO LOCAL, QUANDO NECESSÁRIO TAL MEDIDA ASSEGURAR A SEGURANÇA E A FLUIDEZ DO TRÂNSITO"
101,176 V,53200,7,"53200 - DEIXAR O CONDUTOR, ENVOLVIDO EM ACIDENTES COM VÍTIMA DE IDENTIFICAR-SE AO POLICIAL E DE LHE PRESTAR INFORMAÇÕES NECESSÁRIAS A CONFECÇÃO DO BOLETIM DE OCORRÊNCIA"
102,179 I,53550,5,"53550 - FAZER OU DEIXAR QUE SE FAÇA REPARO EM VEÍCULO NA VIA PÚBLICA, SALVO NOS CASOS DE IMPEDIMENTO ABSOLUTO DE SUA REMOÇÃO E EM QUE O VEÍCULO ESTEJA DEVIDAMENTE SINALIZADO EM PISTA DE ROLAMENTO DE RODOVIAS E VIAS DE TRÂNSITO RÁPIDO"
103,177,53390,5,"53390 - DEIXAR O CONDUTOR DE PRESTAR SOCORRO A VÍTIMA DE ACIDENTE DE TRÂNSITO, QUANDO SOLICITADO PELA AUTORIDADE OU SEUS AGENTES"
104,176 IV,53120,7,"53120 - DEIXAR O CONDUTOR ENVOLVIDO EM ACIDENTES COM VÍTIMA, DE ADOTAR PROVIDÊNCIAS PARA REMOVER O VEÍCULO DO LOCAL, QUANDO DETERMINADO POR POLICIAL OU AGENTE DA AUTORIDADE DE TRÂNSITO"
105,179 II,53630,3,"53630 - FAZER OU DEIXAR QUE SE FAÇA REPARO EM VEÍCULO NA VIA PÚBLICA, SALVO NOS CASOS DE IMPEDIMENTO ABSOLUTO DE SUA REMOÇÃO E ME QUE O VEÍCULO ESTEJA DEVIDAMENTE SINALIZADO, EM OUTRAS VIAS ALÉM DE PISTA DE ROLAMENTO DE RODOVIAS E VIAS DE TRÂNSITO RÁPIDO"
106,180,53710,4,53710 - TER O VEÍCULO IMOBILIZADO NA VIA POR FALTA DE COMBUSTÍVEL
107,181 VI,54363,4,"54363 - ESTACIONAR O VEÍCULO JUNTO DE TAMPAS DE POÇOS DE VISITA DE GALERIAS SUBTERRÂNEAS, DESDE QUE DEVIDAMENTE IDENTIFICADO, CONFORME ESPECIFICAÇÃO DO CONTRAN"
108,181 VI,54361,4,"54361 - ESTACIONAR O VEÍCULO JUNTO A HIDRANTES DE INCÊNDIO, DESDE QUE DEVIDAMENTE IDENTIFICADO, CONFORME ESPECIFICAÇÃO DO CONTRAN"
109,181 VI,54365,4,"54365 - ESTACIONAR O VEÍCULO SOBRE REGISTRO DE ÁGUA, DESDE QUE DEVIDAMENTE IDENTIFICADO, CONFORME ESPECIFICAÇÃO DO CONTRAN"
110,181 VI,54362,4,"54362 - ESTACIONAR O VEÍCULO JUNTO A REGISTRO DE ÁGUA, DESDE QUE DEVIDAMENTE IDENTIFICADO, CONFORME ESPECIFICAÇÃO DO CONTRAN"
111,181 VI,54364,4,"54364 - ESTACIONAR O VEÍCULO SOBRE HIDRANTES DE INCÊNDIO, DESDE QUE DEVIDAMENTE IDENTIFICADO, CONFORME ESPECIFICAÇÃO DO CONTRAN"
112,181 I,53800,4,53800 - ESTACIONAR O VEÍCULO NAS ESQUINAS E A MENOS DE CINCO METROS DO BORDO DO ALINHAMENTO DA VIA TRANSVERSAL
113,181 VI,54366,4,"54366 - ESTACIONAR O VEÍCULO SOBRE DE TAMPAS DE POÇOS DE VISITA DE GALERIAS SUBTERRÂNEAS, DESDE QUE DEVIDAMENTE IDENTIFICADO, CONFORME ESPECIFICAÇÃO DO CONTRAN"
114,181 III,54010,5,54010 - ESTACIONAR O VEÍCULO AFASTADO DA GUIA DA GUIA DA CALÇADA (MEIO-FIO) A MAIS DE UM METRO
115,181 II,53980,3,53980 - ESTACIONAR O VEÍCULO AFASTADO DA GUIA DA GUIA DA CALÇADA (MEIO-FIO) DE CINQUENTA CENTÍMETROS A UM METRO
116,181 IV,54100,4,54100 - ESTACIONAR O VEÍCULO EM DESACORDO COM AS POSIÇÕES ESTABELECIDAS NO CTB
117,181 V,54280,7,"54280 - ESTACIONAR O VEÍCULO NA PISTA DE ROLAMENTO DAS ESTRADAS, DAS RODOVIAS, DAS VIAS DE TRÂNSITO RÁPIDO E DAS VIAS DOTADAS DE ACOSTAMENTO"
118,181 V,54281,7,54281 - ESTACIONAR O VEÍCULO NA PISTA DE ROLAMENTOS DAS ESTRADAS
119,181 V,54283,7,54283 - ESTACIONAR O VEÍCULO NA PISTA DE ROLAMENTOS DAS VIAS DE TRÂNSITO RÁPIDO
120,181 V,54282,7,54282 - ESTACIONAR O VEÍCULO NA PISTA DE ROLAMENTOS DAS RODOVIAS
121,181 VII,54440,3,54440 - ESTACIONAR O VEÍCULO NOS ACOSTAMENTOS SALVO POR MOTIVO DE FORÇA MAIOR
122,181 XIII,55091,4,55091 - ESTACIONAR O VEÍCULO ONDE HOUVER SINALIZAÇÃO HORIZONTAL DELIMITADORA DE PONTO DE EMBARQUE OU DESEMBARQUE DE PASSAGEIROS DE TRANSPORTE COLETIVO
123,181 XIII,55092,4,"55092 - ESTACIONAR O VEÍCULO QUANDO HOUVER SINALIZAÇÃO HORIZONTAL DELIMITADORA DE PONTO DE EMBARQUE OU DESEMBARQUE DE PASSAGEIROS DE TRANSPORTE COLETIVO, NO INTERVALO COMPREENDIDO ENTRE DEZ METROS ANTES E DEPOIS DO MARCO DO PONTO"
124,181 VIII,54520,5,"54520 - ESTACIONAR O VEÍCULO NO PASSEIO OU SOBRE A FAIXA DESTINADA A PEDESTRES, SOBRE CICLOVIAS OU CICLOFAIXAS, BEM COMO NAS ILHAS, REFÚGIOS, AO LADO OU SOBRE CANTEIROS CENTRAIS, DIVISORES DE PISTA DE ROLAMENTO, MARCAS DE CANALIZAÇÃO, GRAMADOS OU JARDINS PÚBLICOS"
125,181 VIII,54521,5,54521 - ESTACIONAR O VEÍCULO NO PASSEIO
126,181 VIII,54522,5,54522 - ESTACIONAR O VEÍCULO SOBRE FAIXAS DESTINADAS A PEDESTRES
127,181 VIII,54523,5,54523 - ESTACIONAR O VEÍCULO SOBRE CICLOVIA OU CICLOFAIXA
128,181 VIII,54524,5,54524 - ESTACIONAR NAS ILHAS OU REFÚGIOS
129,181 VIII,54525,5,54525 - ESTACIONAR AO LADO OU SOBRE CANTEIRO CENTRAL/DIVISORES DE PISTA DE ROLAMENTO
130,181VIII,54526,5,54526 - ESTACIONAR AO LADO OU SOBRE MARCAS DE CANALIZAÇÃO
131,181 VIII,54527,5,54527 - ESTACIONAR AO LADO OU SOBRE GRAMADO OU JARDIM PÚBLICO
132,181 VIII,54528,5,54528 - ESTACIONAR O VEÍCULO AO LADO DE CANTEIROS CENTRAIS
133,181 IX,54600,4,"54600 - ESTACIONAR O VEÍCULO ONDE HOUVER GUIA DE CALÇADA (MEIO-FIO) REBAIXADA, DESTINADA À ENTRADA OU SAÍDA DE VEÍCULO"
134,181 X,54790,4,54790 - ESTACIONAR O VEÍCULO IMPEDINDO A MOVIMENTAÇÃO DE OUTRO VEÍCULO
135,181 XI,54870,5,54870 - ESTACIONAR O VEÍCULO AO LADO DE OUTRO VEÍCULO EM FILA DUPLA
136,181 XII,54950,5,"54950 - ESTACIONAR O VEÍCULO NA ÁREA DE CRUZAMENTO DE VIAS, PREJUDICANDO A CIRCULAÇÃO DE VEÍCULOS E PEDESTRES"
137,181 XIII,55090,4,"55090 - ESTACIONAR O VEÍCULO ONDE HOUVER SINALIZAÇÃO HORIZONTAL DELIMITADORA DE PONTO DE EMBARQUE OU DESEMBARQUE DE PASSAGEIROS DE TRANSPORTE COLETIVO, OU NA INEXISTÊNCIA DESSA SINALIZAÇÃO, NO INTERVALO COMPREENDIDO ENTRE DEZ METROS ANTES E DEPOIS DO MARCO DO PONTO"
138,181 XIV,55170,5,"55170 - ESTACIONAR O VEÍCULO NOS VIADUTOS, PONTES E TÚNEIS"
139,181 V,54284,7,54284 - ESTACIONAR O VEÍCULO NA PISTA DE ROLAMENTOS DAS VIAS DOTADAS DE ACOSTAMENTO
140,181 VI,54360,4,"54360 - ESTACIONAR O VEÍCULO JUNTO OU SOBRE HIDRANTES DE INCÊNDIO, REGISTRO DE ÁGUA OU TAMPAS DE POÇOS DE VISITA DE GALERIAS SUBTERRÂNEAS, DESDE QUE DEVIDAMENTE IDENTIFICADO, CONFORME ESPECIFICAÇÃO DO CONTRAN ESTACIONAR O VEÍCULO JUNTO HIDRANTES DE INCÊNDIO, DESDE QUE DEVIDAMENTE IDENTIFICADO, CONFORME ESPECIFICAÇÃO DO CONTRAN"
141,181 XIV,55173,5,55173 - ESTACIONAR O VEÍCULO NOS TÚNEIS
142,181 XIV,55172,5,55172 - ESTACIONAR O VEÍCULO NAS PONTES
143,181 XVI,55330,5,"55330 - ESTACIONAR O VEÍCULO EM ACLIVE OU DECLIVE, NÃO ESTANDO DEVIDAMENTE FREADO E SEM CALÇO DE SEGURANÇA, QUANDO SE TRATAR DE VEÍCULO COM PESO BRUTO TOTAL SUPERIOR A TRÊS MIL E QUINHENTOS QUILOGRAMAS"
144,181 XV,55250,4,55250 - ESTACIONAR O VEÍCULO NA CONTRA MÃO DE DIREÇÃO
145,181 XVI,55331,5,"55331 - ESTACIONAR O VEÍCULO EM ACLIVE, NÃO ESTANDO DEVIDAMENTE FREADO E SEM CALÇO DE SEGURANÇA, QUANDO SE TRATAR DE VEÍCULO COM PESO BRUTO TOTAL SUPERIOR A TRÊS MIL E QUINHENTOS QUILOGRAMAS"
146,181 XIV,55171,5,55171 - ESTACIONAR O VEÍCULO NOS VIADUTOS
147,181 XVI,55332,5,"55332 - ESTACIONAR O VEÍCULO EM DECLIVE, NÃO ESTANDO DEVIDAMENTE FREADO E SEM CALÇO DE SEGURANÇA, QUANDO SE TRATAR DE VEÍCULO COM PESO BRUTO TOTAL SUPERIOR A TRÊS MIL E QUINHENTOS QUILOGRAMAS"
148,181 XVII,55410,5,55410 - ESTACIONAR O VEÍCULO EM DESACORDO COM AS CONDIÇÕES REGULAMENTADAS ESPECIFICAMENTE PELA SINALIZAÇÃO (PLACA - ESTACIONAMENTO REGULAMENTADO)
149,181 XVII,55412,5,55412 - ESTACIONAR O VEÍCULO EM DESACORDO COM AS CONDIÇÕES REGULAMENTADAS ESPECIFICAMENTE PELA SINALIZAÇÃO (PLACA - ESTACIONAMENTO ROTATIVO)
150,181 XVII,55411,5,55411 - ESTACIONAR O VEÍCULO EM DESACORDO COM AS CONDIÇÕES REGULAMENTADAS ESPECIFICAMENTE PELA SINALIZAÇÃO
151,181 XVII,55415,5,55415 - ESTACIONAR O VEÍCULO EM DESACORDO COM AS CONDIÇÕES REGULAMENTADAS ESPECIFICAMENTE PELA SINALIZAÇÃO (PLACA - VAGA PARA PORTADORES DE NECESSIDADES ESPECIAIS)
152,181 XVII,55413,5,55413 - ESTACIONAR O VEÍCULO EM DESACORDO COM AS CONDIÇÕES REGULAMENTADAS ESPECIFICAMENTE PELA SINALIZAÇÃO (PLACA - PONTO OU VAGA DE TÁXI)
153,181 XVIII,55500,4,55500 - ESTACIONAR VEÍCULO EM LOCAIS E HORÁRIOS PROIBIDOS ESPECIFICAMENTE PELA SINALIZAÇÃO
154,181 XVII,55414,5,55414 - ESTACIONAR O VEÍCULO EM DESACORDO COM AS CONDIÇÕES REGULAMENTADAS ESPECIFICAMENTE PELA SINALIZAÇÃO (PLACA - ÁREA DE CARGA E DESCARGA)
155,182 III,55920,4,55920 - PARAR O VEÍCULO AFASTADO DA GUIA DA CALÇADA (MEIO-FIO) A MAIS DE UM METRO
156,182 I,55760,4,55760 - PARAR O VEÍCULO NAS ESQUINAS A MENOS DE CINCO METROS DO BORDO DO ALINHAMENTO DA VIA
157,182 II,55840,3,55840 - PARAR O VEÍCULO AFASTADO DA GUIA DA CALÇADA (MEIO-FIO) DE CINQUENTA CENTÍMETROS A UM METRO
158,182 IV,56060,3,56060 - PARAR O VEÍCULO EM DESACORDO COM AS POSIÇÕES ESTABELECIDAS NO CTB
159,182 V,56141,5,56141 - PARAR O VEÍCULO NA PISTA DE ROLAMENTO DAS ESTRADAS DOTADAS DE ACOSTAMENTO
160,182 V,56142,5,56142 - PARAR NA PISTA DE ROLAMENTO DAS RODOVIAS
161,182 V,56140,5,"56140 - PARAR O VEÍCULO NA PISTA DE ROLAMENTO DAS ESTRADAS, DAS RODOVIAS , DAS VIAS DE TRÂNSITO RÁPIDO E DAS DEMAIS VIAS DOTADAS DE ACOSTAMENTO"
162,182 V,56143,5,56143 - PARAR NA PISTA DE ROLAMENTO DAS VIAS DE TRÂNSITO RÁPIDO
163,182 VI,56221,3,56221 - PARAR O VEÍCULO NO PASSEIO
164,182 VI,56222,3,56222 - PARAR O VEÍCULO SOBRE A FAIXA DESTINADA A PEDESTRES
165,182 VI,56223,3,56223 - PARAR O VEÍCULO NAS ILHAS
166,182 VI,56224,3,56224 - PARAR NOS CANTEIROS CENTRAIS/DIVISORES DE PISTA DE ROLAMENTO
167,182 VI,56225,3,56225 - PARAR EM MARCAS DE CANALIZAÇÃO
168,188,57621,4,57621 - TRANSITAR AO LADO DE OUTRO VEÍCULO INTERROMPENDO O TRÂNSITO
169,188,57622,4,57622 - TRANSITAR AO LADO DE OUTRO VEÍCULO PERTURBANDO O TRÂNSITO
170,182 VI,56226,3,56226 - PARA O VEÍCULO NOS DIVISORES DE PISTAS DE ROLAMENTO
171,182 VI,56227,3,56227 - PARAR O VEÍCULO NAS MARCAS DE CANALIZAÇÃO
172,182 VII,56300,4,"56300 - PARAR O VEÍCULO NA ÁREA DE CRUZAMENTO DE VIAS, PREJUDICANDO A CIRCULAÇÃO DE VEÍCULOS E PEDESTRES"
173,182 VII,56301,4,"56301 - PARAR O VEÍCULO NA ÁREA DE CRUZAMENTO DE VIAS, PREJUDICANDO A CIRCULAÇÃO DE VEÍCULOS"
174,182 VII,56302,4,"56302 - PARAR O VEÍCULO NA ÁREA DE CRUZAMENTO DE VIAS, PREJUDICANDO A CIRCULAÇÃO DE PEDESTRES"
175,182 VIII,56490,4,"56490 - PARAR OS VEÍCULOS NOS VIADUTOS, PONTES E TÚNEIS"
176,182 VIII,56491,4,56491 - PARAR O VEÍCULO NOS VIADUTOS
177,182 VIII,56492,4,56492 - PARAR O VEÍCULO NAS PONTES
178,182 VIII,56493,4,56493 - PARAR O VEÍCULO NOS TÚNEIS
179,182 IX,56570,4,56570 - PARA O VEÍCULO NA CONTRA MÃO DE DIREÇÃO
180,182 X,56650,4,56650 - PARAR O VEÍCULO EM LOCAL E HORÁRIO PROIBIDO ESPECIFICAMENTE PELA SINALIZAÇÃO
181,183,56730,4,56730 - PARAR O VEÍCULO SOBRE A FAIXA DE PEDESTRE NA MUDANÇA DE SINAL LUMINOSO
182,183,56731,4,56731 - PARAR O VEÍCULO SOBRE A FAIXA DE PEDESTRE NA MUDANÇA DE SINAL LUMINOSO
183,183,56732,4,56732 - PARAR O VEÍCULO SOBRE A FAIXA DE PEDESTRE NA MUDANÇA DE SINAL LUMINOSO ? FISCALIZAÇÃO ELETRÔNICA
184,184 I,56810,3,"56810 - TRANSITAR COM O VEÍCULO NA FAIXA OU NA PISTA DA DIREITA REGULAMENTADA COMO DE CIRCULAÇÃO EXCLUSIVA PARA DETERMINADO TIPO DE VEÍCULO, EXCETO PARA ACESSO A IMÓVEIS LINDEIROS OU CONVERSÕES A DIREITA"
185,182 V,56144,5,56144 - PARAR O VEÍCULO NA PISTA DE ROLAMENTO DAS DEMAIS VIAS DOTADAS DE ACOSTAMENTO
186,182 VI,56220,3,"56220 - PARAR O VEÍCULO NO PASSEIO, SOBRE FAIXA DESTINADA A PEDESTRE, NAS ILHAS, REFÚGIOS, CANTEIROS CENTRAIS E DIVISORES DE PISTA DE ROLAMENTO E MARCAS DE CANALIZAÇÃO"
187,184 I,56811,3,"56811 - TRANSITAR COM O VEÍCULO NA FAIXA DA DIREITA REGULAMENTADA COMO DE CIRCULAÇÃO EXCLUSIVA PARA DETERMINADO TIPO DE VEÍCULO, EXCETO PARA ACESSO A IMÓVEIS LINDEIROS OU CONVERSÕES A DIREITA"
188,184 I,56812,3,"56812 - TRANSITAR COM O VEÍCULO NA PISTA DA DIREITA REGULAMENTADA COMO DE CIRCULAÇÃO EXCLUSIVA PARA DETERMINADO TIPO DE VEÍCULO, EXCETO PARA ACESSO A IMÓVEIS LINDEIROS OU CONVERSÕES A DIREITA"
189,184 II,56900,5,56900 - TRANSITAR CO O VEÍCULO NA FAIXA OU PISTA DA ESQUERDA REGULAMENTADA COMO DE CIRCULAÇÃO EXCLUSIVA PARA DETERMINADO TIPO DE VEÍCULO
190,185 I,57030,4,"57030 - DEIXAR DE CONSERVAR O VEÍCULO, QUANDO ESTIVER EM MOVIMENTO, NA FAIXA A ELE DESTINADA PELA SINALIZAÇÃO DE REGULAMENTAÇÃO, EXCETO EM SITUAÇÃO DE EMERGÊNCIA"
191,184 II,56902,5,56902 - TRANSITAR COM O VEÍCULO NA PISTA DA ESQUERDA REGULAMENTADA COMO DE CIRCULAÇÃO EXCLUSIVA PARA DETERMINADO TIPO DE VEÍCULO
192,186 I,57200,5,"57200 - TRANSITAR PELA CONTRAMÃO DE DIREÇÃO EM VIAS DE DUPLO SENTIDO DE CIRCULAÇÃO, EXCETO PARA ULTRAPASSAR OUTRO VEÍCULO E APENAS PELO TEMPO NECESSÁRIO, RESPEITADA A PREFERÊNCIA DO VEÍCULO QUE TRANSITAR EM SENTIDO CONTRÁRIO"
193,184 II,56901,5,56901 - TRANSITAR COM O VEÍCULO NA FAIXA DA ESQUERDA REGULAMENTADA COMO DE CIRCULAÇÃO EXCLUSIVA PARA DETERMINADO TIPO DE VEÍCULO
194,185 II,57110,4,"57110 - DEIXAR DE CONSERVAR O VEÍCULO LENTO E DE MAIOR PORTE, QUANDO ESTIVER EM MOVIMENTO NAS FAIXAS DA DIREITA"
195,187 I,57461,4,"57461 - TRANSITAR EM LOCAIS E HORÁRIOS NÃO PERMITIDOS PELA REGULAMENTAÇÃO ESTABELECIDA PELA AUTORIDADE COMPETENTE, PARA TODOS OS VEÍCULOS"
196,187 I,57460,4,"57460 - TRANSITAR EM LOCAIS E HORÁRIOS NÃO PERMITIDOS PELA REGULAMENTAÇÃO ESTABELECIDA PELA AUTORIDADE COMPETENTE, PARA TODOS OS VEÍCULOS"
197,186 II,57380,7,57380 - TRANSITAR PELA CONTRAMÃO DE DIREÇÃO EM VIAS COM SINALIZAÇÃO DE REGULAMENTAÇÃO DE SENTIDO ÚNICO DE CIRCULAÇÃO
198,188,57620,4,57620 - TRANSITAR AO LADO DE OUTRO VEÍCULO INTERROMPENDO OU PERTURBANDO O TRÂNSITO
199,189,57704,7,57704 - DEIXAR DE DAR PASSAGEM AOS VEÍCULOS DE OPERAÇÃO E FISCALIZAÇÃO DE TRÂNSITO QUANDO EM SERVIÇO DE URGÊNCIA E DEVIDAMENTE IDENTIFICADO POR DISPOSITIVOS REGULAMENTADOS DE ALARME SONORO E ILUMINAÇÃO VERMELHA INTERMITENTE
200,189,57705,7,57705 - DEIXAR DE DAR PASSAGEM ÀS AMBULÂNCIAS QUANDO EM SERVIÇO DE URGÊNCIA E DEVIDAMENTE IDENTIFICADO POR DISPOSITIVOS REGULAMENTADOS DE ALARME SONORO E ILUMINAÇÃO VERMELHA INTERMITENTE
201,190,57890,5,"57890 - SEGUIR VEÍCULO EM SERVIÇO DE URGÊNCIA, ESTANDO ESTE COM PRIORIDADE DE PASSAGEM DEVIDAMENTE IDENTIFICADA POR DISPOSITIVOS REGULAMENTARES DE ALARME SONORO E ILUMINAÇÃO VERMELHA INTERMITENTE"
202,191,57970,7,"57970 - FORÇAR PASSAGEM ENTRE VEÍCULOS QUE TRANSITANDO EM SENTIDO OPOSTOS, ESTEJAM NA EMINÊNCIA DE PASSAR UM PELO OUTRO AO REALIZAR OPERAÇÃO DE ULTRAPASSAGEM"
203,192,58000,5,"58000 - DEIXAR DE GUARDAR DISTÂNCIA DE SEGURANÇA LATERAL E FRONTAL ENTRE O SEU VEÍCULO E OS DEMAIS, BEM COMO, EM RELAÇÃO AO BORDO DA PISTA CONSIDERANDO-SE NO MOMENTO A VELOCIDADE, AS CONDIÇÕES CLIMÁTICAS DO LOCAL, DA CIRCULAÇÃO E DO VEÍCULO"
204,193,58190,7,"58190 - TRANSITAR COM O VEÍCULO EM CALÇADAS, PASSEIOS, PASSARELAS, CICLOVIAS, CICLOFAIXAS, ILHAS, REFÚGIOS, AJARDINAMENTOS, CANTEIROS CENTRAIS E DIVISORES DE PISTA DE ROLAMENTO, ACOSTAMENTOS, MARCAS DE CANALIZAÇÃO, GRAMADOS E JARDINS PÚBLICOS"
205,193,58191,7,"58191 - TRANSITAR COM O VEÍCULO EM CALÇADAS, PASSEIOS"
206,200,58861,7,"58861 - ULTRAPASSAR PELA DIREITA, VEÍCULO DE TRANSPORTE COLETIVO, PARADO PARA EMBARQUE OU DESEMBARQUE DE PASSAGEIROS SALVO QUANDO HOUVER REFÚGIO PARA O PEDESTRE"
207,200,58862,7,"58862 - ULTRAPASSAR PELA DIREITA, VEÍCULO DE TRANSPORTE DE ESCOLARES, PARADO PARA EMBARQUE OU DESEMBARQUE DE PASSAGEIROS, SALVO QUANDO HOUVER REFÚGIO PARA O PEDESTRE"
208,193,58192,7,58192 - TRANSITAR COM O VEÍCULO EM CICLOVIAS/CICLOFAIXAS
209,201,58941,4,"58941 - DEIXAR DE GUARDAR A DISTÂNCIA LATERAL DE UM METRO E CINQUENTA CENTÍMETROS, AO PASSAR BICICLETA"
210,187 I,57462,4,"57462 - TRANSITAR EM LOCAIS E HORÁRIOS NÃO PERMITIDOS PELA REGULAMENTAÇÃO ESTABELECIDA PELA AUTORIDADE COMPETENTE, PARA TODOS OS VEÍCULOS - RODÍZIO"
211,189,57703,7,57703 - DEIXAR DE DAR PASSAGEM AOS VEÍCULOS DE POLÍCIA QUANDO EM SERVIÇO DE URGÊNCIA E DEVIDAMENTE IDENTIFICADO POR DISPOSITIVOS REGULAMENTADOS DE ALARME SONORO E ILUMINAÇÃO VERMELHA INTERMITENTE
212,201,58942,4,"58942 - DEIXAR DE GUARDAR A DISTÂNCIA LATERAL DE UM METRO E CINQUENTA CENTÍMETROS, AO ULTRAPASSAR BICICLETA"
213,189,57701,7,57701 - DEIXAR DE DAR PASSAGEM AOS VEÍCULOS PRECEDIDOS DE BATEDORES QUANDO EM SERVIÇO DE URGÊNCIA E DEVIDAMENTE IDENTIFICADO POR DISPOSITIVOS REGULAMENTADOS DE ALARME SONORA E ILUMINAÇÃO VERMELHA INTERMITENTE
214,193,58193,7,"58193 - TRANSITAR COM O VEÍCULO EM AJARDINAMENTO, GRAMADOS/ JARDINS PÚBLICOS"
215,189,57700,7,"57700 - DEIXAR DE DAR PASSAGEM AOS VEÍCULOS PRECEDIDOS DE BATEDORES, DE SOCORRO DE INCÊNDIO E SALVAMENTO, DE POLÍCIA, DE OPERAÇÃO E FISCALIZAÇÃO DE TRÂNSITO E AS AMBULÂNCIAS QUANDO EM SERVIÇO DE URGÊNCIA E DEVIDAMENTE IDENTIFICADOS POR DISPOSITIVOS REGULAMENTADOS DE ALARME SONORO E ILUMINAÇÃO VERMELHA INTERMITENTE"
216,193,58194,7,58194 - TRANSITAR COM O VEÍCULO EM CANTEIRO CENTRAL
217,193,58195,7,58195 - TRANSITAR COM O VEÍCULO EM ILHAS/ REFÚGIOS
218,193,58196,7,58196 - TRANSITAR COM O VEÍCULO EM DIVISORES DE PISTA DE ROLAMENTO/MARCAS DE CANALIZAÇÃO
219,193,58197,7,58197 - TRANSITAR COM O VEÍCULO EM ACOSTAMENTO
220,193,58198,7,58198 - TRANSITAR COM O VEÍCULO EM PASSARELAS
221,194,58270,5,"58270 - TRANSITAR DE MARCHA À RÉ, SALVO NA DISTÂNCIA NECESSÁRIA A PEQUENAS MANOBRAS E DE FORMA A NÃO CAUSAR RISCOS À SEGURANÇA"
222,195,58350,5,58350 - DESOBEDECER ÀS ORDENS EMANADAS DA AUTORIDADE COMPETENTE DE TRÂNSITO OU SEUS AGENTES
223,196,58430,5,"58430 - DEIXAR DE INDICAR COM ANTECEDÊNCIA, MEDIANTE GESTO REGULAMENTAR DE BRAÇO OU LUZ INDICADORA DE DIREÇÃO DE VEÍCULO, O INÍCIO DA MARCHA, A REALIZAÇÃO DA MANOBRA DE PARAR O VEÍCULO, A MUDANÇA DE DIREÇÃO OU DE FAIXA DE CIRCULAÇÃO"
224,189,57702,7,57702 - DEIXAR DE DAR PASSAGEM AOS VEÍCULOS DE SOCORRO DE INCÊNDIO E DE SALVAMENTO QUANDO EM SERVIÇO DE URGÊNCIA E DEVIDAMENTE IDENTIFICADO POR DISPOSITIVOS REGULAMENTADOS DE ALARME SONORA E ILUMINAÇÃO VERMELHA INTERMITENTE
225,196,58431,5,"58431 - DEIXAR DE INDICAR COM ANTECEDÊNCIA, MEDIANTE GESTO REGULAMENTAR DE BRAÇO OU LUZ INDICADORA DE DIREÇÃO DE VEÍCULO, O INÍCIO DA MARCHA"
226,196,58433,5,"58433 - DEIXAR DE INDICAR COM ANTECEDÊNCIA, MEDIANTE GESTO REGULAMENTAR DE BRAÇO OU LUZ INDICADORA DE DIREÇÃO DE VEÍCULO, A MUDANÇA DE DIREÇÃO"
227,196,58432,5,"58432 - DEIXAR DE INDICAR COM ANTECEDÊNCIA, MEDIANTE GESTO REGULAMENTAR DE BRAÇO OU LUZ INDICADORA DE DIREÇÃO DE VEÍCULO, A REALIZAÇÃO DA MANOBRA DE PARAR O VEÍCULO"
228,205,59831,3,"59831 - ULTRAPASSAR VEÍCULO EM MOVIMENTO QUE INTEGRE CORTEJO SALVO, COM AUTORIZAÇÃO DA AUTORIDADE DE TRÂNSITO OU SEUS AGENTES"
229,205,59834,3,"59834 - ULTRAPASSAR VEÍCULO EM MOVIMENTO QUE INTEGRE FORMAÇÕES MILITARES SALVO, COM AUTORIZAÇÃO DA AUTORIDADE DE TRÂNSITO OU SEUS AGENTES"
230,205,59833,3,"59833 - ULTRAPASSAR VEÍCULO EM MOVIMENTO QUE INTEGRE DESFILE SALVO, COM AUTORIZAÇÃO DA AUTORIDADE DE TRÂNSITO OU SEUS AGENTES"
231,197,58510,4,"58510 - DEIXAR DE DESLOCAR COM ANTECEDÊNCIA, O VEÍCULO PARA A FAIXA MAIS A ESQUERDA OU MAIS A DIREITA DENTRO DA RESPECTIVA MÃO DE DIREÇÃO QUANDO FOR MANOBRAR PARA UM DESSES LADOS"
232,196,58434,5,"58434 - DEIXAR DE INDICAR COM ANTECEDÊNCIA, MEDIANTE GESTO REGULAMENTAR DE BRAÇO OU LUZ INDICADORA DE DIREÇÃO DE VEÍCULO, A MUDANÇA DE FAIXA DE CIRCULAÇÃO"
233,197,58512,4,"58512 - DEIXAR DE DESLOCAR COM ANTECEDÊNCIA, O VEÍCULO PARA A FAIXA MAIS A DIREITA DENTRO DA RESPECTIVA MÃO DE DIREÇÃO, QUANDO FOR MANOBRAR PARA ESSE LADO"
234,197,58511,4,"58511 - DEIXAR DE DESLOCAR COM ANTECEDÊNCIA, O VEÍCULO PARA A FAIXA MAIS A ESQUERDA DENTRO DA RESPECTIVA MÃO DE DIREÇÃO, QUANDO FOR MANOBRAR PARA ESSE LADO"
235,199,58780,4,58780 - ULTRAPASSAR PELA DIREITA SALVO QUANDO O VEÍCULO DA FRENTE ESTIVER COLOCADO NA FAIXA APROPRIADA E DER SINAL DE QUE VAI ENTRAR A ESQUERDA
236,198,58600,4,58600 - DEIXAR DE DAR PASSAGEM PELA ESQUERDA QUANDO SOLICITADO
237,200,58860,7,"58860 - ULTRAPASSAR PELA DIREITA, VEÍCULO DE TRANSPORTE COLETIVO OU DE ESCOLARES, PARADO PARA EMBARQUE OU DESEMBARQUE DE PASSAGEIROS SALVO QUANDO HOUVER REFÚGIO PARA O PEDESTRE"
238,201,58940,4,"58940 - DEIXAR DE GUARDAR A DISTÂNCIA LATERAL DE UM METRO E CINQUENTA CENTÍMETROS, AO PASSAR OU ULTRAPASSAR BICICLETA"
239,202 I,59080,5,59080 - ULTRAPASSAR OUTRO VEÍCULO PELO ACOSTAMENTO
240,202 II,59160,5,59160 - ULTRAPASSAR OUTRO VEÍCULO EM INTERSEÇÕES E PASSAGENS DE NÍVEL
241,202 II,59161,5,59161 - ULTRAPASSAR OUTRO VEÍCULO EM INTERSEÇÃO
242,202 II,59162,5,59162 - ULTRAPASSAR OUTRO VEÍCULO EM PASSAGEM DE NÍVEL
243,203 I,59240,7,"59240 - ULTRAPASSAR PELA CONTRAMÃO OUTRO VEÍCULO NAS CURVAS, ACLIVES E DECLIVES SEM VISIBILIDADE SUFICIENTE"
244,206 III,60178,7,60178 - EXECUTAR OPERAÇÃO DE RETORNO PASSANDO POR CIMA DE FAIXAS DE VEÍCULOS NÃO MOTORIZADOS
245,206 III,60177,7,60177 - EXECUTAR OPERAÇÃO DE RETORNO PASSANDO POR CIMA DE FAIXAS DE PEDESTRES
246,203 I,59242,7,59242 - ULTRAPASSAR PELA CONTRAMÃO OUTRO VEÍCULO NOS ACLIVES SEM VISIBILIDADE SUFICIENTE
247,205,59832,3,"59832 - ULTRAPASSAR VEÍCULO EM MOVIMENTO QUE INTEGRE PRÉSTITO SALVO, COM AUTORIZAÇÃO DA AUTORIDADE DE TRÂNSITO OU SEUS AGENTES"
248,203 I,59241,7,59241 - ULTRAPASSAR PELA CONTRAMÃO OUTRO VEÍCULO NAS CURVAS SEM VISIBILIDADE SUFICIENTE
249,203 I,59243,7,59243 - ULTRAPASSAR PELA CONTRAMÃO OUTRO VEÍCULO NOS DECLIVES SEM VISIBILIDADE SUFICIENTE
250,203 II,59320,7,59320 - ULTRAPASSAR PELA CONTRAMÃO OUTRO VEÍCULO NAS FAIXAS DE PEDESTRE
251,203 III,59400,7,"59400 - ULTRAPASSAR PELA CONTRAMÃO OUTRO VEÍCULO NAS PONTES, VIADUTOS E TÚNEIS"
252,203 III,59401,7,59401 - ULTRAPASSAR PELA CONTRA MÃO OUTRO VEÍCULO NAS PONTES
253,203 III,59403,7,59403 - ULTRAPASSAR PELA CONTRA MÃO OUTRO VEÍCULO NOS TÚNEIS
254,203 III,59402,7,59402 - ULTRAPASSAR PELA CONTRA MÃO OUTRO VEÍCULO NOS VIADUTOS
255,203 IV,59590,7,"59590 - ULTRAPASSAR PELA CONTRAMÃO OUTRO VEÍCULO PARADO EM FILA JUNTO A SINAIS LUMINOSOS, PORTEIRAS, CANCELAS, CRUZAMENTOS OU QUALQUER OUTRO IMPEDIMENTO A LIVRE CIRCULAÇÃO"
256,203 IV,59591,7,59591 - ULTRAPASSAR PELA CONTRAMÃO OUTRO VEÍCULO PARADO EM FILA JUNTO A SINAIS LUMINOSOS
257,203 IV,59593,7,59593 - ULTRAPASSAR PELA CONTRAMÃO VEÍCULO PARADO EM FILA JUNTO A CRUZAMENTO
258,203 IV,59592,7,59592 - ULTRAPASSAR PELA CONTRAMÃO OUTRO VEÍCULO PARADO EM FILA JUNTO A PORTEIRAS
259,203 IV,59594,7,59594 - ULTRAPASSAR PELA CONTRAMÃO VEÍCULO PARADO EM FILA JUNTO A QUALQUER IMPEDIMENTO À CIRCULAÇÃO
260,203 IV,59595,7,59595 - ULTRAPASSAR PELA CONTRAMÃO OUTRO VEÍCULO PARADO EM FILA JUNTO A QUALQUER OUTRO IMPEDIMENTO À LIVRE CIRCULAÇÃO
261,203 V,59670,7,"59670 - ULTRAPASSAR PELA CONTRAMÃO LINHA DE DIVISÃO DE FLUXOS OPOSTOS, CONTÍNUA AMARELA"
262,204,59750,5,"59750 - DEIXAR DE PARAR O VEÍCULO NO ACOSTAMENTO À DIREITA, PARA AGUARDAR A OPORTUNIDADE DE CRUZAR PISTA OU ENTRAR A ESQUERDA, ONDE NÃO HOUVER LOCAL APROPRIADO PARA OPERAÇÃO DE RETORNO"
263,204,59751,5,"59751 - DEIXAR DE PARAR O VEÍCULO NO ACOSTAMENTO À DIREITA, PARA AGUARDAR A OPORTUNIDADE DE CRUZAR A PISTA, ONDE NÃO HOUVER LOCAL APROPRIADO PARA OPERAÇÃO DE RETORNO"
264,204,59752,5,"59752 - DEIXAR DE PARAR O VEÍCULO NO ACOSTAMENTO À DIREITA, PARA AGUARDAR A OPORTUNIDADE DE ENTRAR NA PISTA, ONDE NÃO HOUVER LOCAL APROPRIADO PARA OPERAÇÃO DE RETORNO"
265,205,59830,3,"59830 - ULTRAPASSAR VEÍCULO EM MOVIMENTO QUE INTEGRE CORTEJO, PRÉSTITO, DESFILE E FORMAÇÕES MILITARES, SALVO COM AUTORIZAÇÃO DA AUTORIDADE DE TRÂNSITO OU SEUS AGENTES"
266,213 I,61061,7,"61061 - DEIXAR DE PARAR O VEÍCULO SEMPRE QUE A RESPECTIVA MARCHA FOR INTERCEPTADA POR AGRUPAMENTOS DE PESSOAS, COMO PRÉSTITOS"
267,213 I,61062,7,"61062 - DEIXAR DE PARAR O VEÍCULO SEMPRE QUE A RESPECTIVA MARCHA FOR INTERCEPTADA POR AGRUPAMENTOS DE PESSOAS, COMO PASSEATAS"
268,213 I,61063,7,"61063 - DEIXAR DE PARAR O VEÍCULO SEMPRE QUE A RESPECTIVA MARCHA FOR INTERCEPTADA POR AGRUPAMENTOS DE PESSOAS, COMO DESFILES E OUTROS"
269,213 II,61141,5,"61141 - DEIXAR DE PARAR O VEÍCULO SEMPRE QUE A RESPECTIVA MARCHA FOR INTERCEPTADA POR AGRUPAMENTOS DE VEÍCULOS, COMO CORTEJOS"
270,206 I,59910,7,59910 - EXECUTAR OPERAÇÃO DE RETORNO EM LOCAIS PROIBIDOS PELA SINALIZAÇÃO
271,213 II,61142,5,"61142 - DEIXAR DE PARAR O VEÍCULO SEMPRE QUE A RESPECTIVA MARCHA FOR INTERCEPTADA POR AGRUPAMENTOS DE VEÍCULOS, COMO FORMAÇÕES MILITARES E OUTROS"
272,206 II,60090,7,"60090 - EXECUTAR OPERAÇÃO DE RETORNO NAS CURVAS, ACLIVES, DECLIVES, PONTES, VIADUTOS E TÚNEIS"
273,206 II,60091,7,60091 - EXECUTAR OPERAÇÃO DE RETORNO NAS CURVAS
274,206 II,60092,7,60092 - EXECUTAR OPERAÇÃO DE RETORNO NOS ACLIVES
275,206 II,60095,7,60095 - EXECUTAR OPERAÇÃO DE RETORNO NOS TÚNEIS
276,206 II,60093,7,60093 - EXECUTAR OPERAÇÃO DE RETORNO NAS PONTES
277,206 II,60094,7,60094 - EXECUTAR OPERAÇÃO DE RETORNO NOS VIADUTOS
278,206 II,60096,7,60096 - EXECUTAR OPERAÇÃO DE RETORNO NOS TÚNEIS
279,206 III,60170,7,"60170 - EXECUTAR OPERAÇÃO DE RETORNO PASSANDO POR CIMA DE CALÇADA, PASSEIO, ILHAS, AJARDINAMENTOS OU CANTEIROS DE DIVISORES DE PISTA DE ROLAMENTO, REFÚGIOS E FAIXAS DE PEDESTRES E NAS DE VEÍCULOS NÃO MOTORIZADOS"
280,206 III,60171,7,"60171 - EXECUTAR OPERAÇÃO DE RETORNO PASSANDO POR CIMA DE CALÇADA, PASSEIO"
281,206 III,60172,7,60172 - EXECUTAR OPERAÇÃO DE RETORNO PASSANDO POR CIMA DE ILHAS E/OU REFÚGIOS
282,206 III,60173,7,60173 - EXECUTAR OPERAÇÃO DE RETORNO PASSANDO POR CIMA DE AJARDINAMENTO
283,206 III,60175,7,60175 - EXECUTAR OPERAÇÃO DE RETORNO PASSANDO POR CIMA DE FAIXAS DE PEDESTRES
284,206 III,60176,7,60176 - EXECUTAR OPERAÇÃO DE RETORNO PASSANDO POR CIMA DE FAIXAS DE VEÍCULOS NÃO MOTORIZADOS
285,206 IV,60250,7,"60250 - EXECUTAR OPERAÇÃO DE RETORNO NAS INTERSEÇÕES, ENTRANDO NA CONTRAMÃO DE DIREÇÃO DA VIA TRANSVERSAL"
286,206 III,60174,7,60174 - EXECUTAR OPERAÇÃO DE RETORNO PASSANDO POR CIMA DE CANTEIROS DIVISORES DE PISTA DE ROLAMENTO
287,206 V,60330,7,60330 - EXECUTAR OPERAÇÃO DE RETORNO COM PREJUÍZO DA LIVRE CIRCULAÇÃO OU DA SEGURANÇA AINDA QUE EM LOCAIS PERMITIDOS
288,206 V,60331,7,"60331 - EXECUTAR OPERAÇÃO DE RETORNO COM PREJUÍZO DA LIVRE CIRCULAÇÃO, AINDA QUE EM LOCAIS PERMITIDOS"
289,220 I,62621,7,"62621 - DEIXAR DE REDUZIR A VELOCIDADE DO VEÍCULO DE FORMA COMPATÍVEL COM A SEGURANÇA DO TRÂNSITO, QUANDO SE APROXIMAR DE PASSEATAS"
290,207,60412,5,60412 - EXECUTAR OPERAÇÃO DE CONVERSÃO A ESQUERDA EM LOCAIS PROIBIDOS PELA SINALIZAÇÃO
291,206 V,60332,7,"60332 - EXECUTAR OPERAÇÃO DE RETORNO COM PREJUÍZO DA SEGURANÇA, AINDA QUE EM LOCAIS PERMITIDOS"
292,207,60411,5,60411 - EXECUTAR OPERAÇÃO DE CONVERSÃO A DIREITA EM LOCAIS PROIBIDOS PELA SINALIZAÇÃO
293,208,60500,7,60500 - AVANÇAR O SINAL VERMELHO DO SEMÁFORO OU DA PARADA OBRIGATÓRIA
294,208,60501,7,"60501 - AVANÇAR O SINAL VERMELHO DO SEMÁFORO, EXCETO ONDE HOUVER SINALIZAÇÃO QUE PERMITA LIVRE CONVERSÃO À DIREITA"
295,208,60503,7,"60503 - AVANÇAR O SINAL VERMELHO DO SEMÁFORO, EXCETO HOUVER SINALIZAÇÃO PERMITA LIVRE CONVERSÃO À DIREITA – FISCALIZAÇÃO ELETRÔNICA"
296,209,60680,5,"60680 - TRANSPOR , SEM AUTORIZAÇÃO BLOQUEIO VIÁRIO COM OU SEM SINALIZAÇÃO OU DISPOSITIVOS AUXILIARES, DEIXAR DE ADENTRAR ÀS ÁREAS DESTINADAS A PESAGEM DE VEÍCULOS OU EVADIR-SE PARA NÃO EFETUAR O PAGAMENTO DO PEDÁGIO"
297,209,60681,5,"60681 - TRANSPOR, SEM AUTORIZAÇÃO, BLOQUEIO VIÁRIO COM OU SEM SINALIZAÇÃO OU DISPOSITIVOS AUXILIARES"
298,220 I,62622,7,"62622 - DEIXAR DE REDUZIR A VELOCIDADE DO VEÍCULO DE FORMA COMPATÍVEL COM A SEGURANÇA DO TRÂNSITO, QUANDO SE APROXIMAR DE AGLOMERAÇÕES"
299,220 I,62623,7,"62623 - DEIXAR DE REDUZIR A VELOCIDADE DO VEÍCULO DE FORMA COMPATÍVEL COM A SEGURANÇA DO TRÂNSITO, QUANDO SE APROXIMAR DE CORTEJOS"
300,220 I,62624,7,"62624 - DEIXAR DE REDUZIR A VELOCIDADE DO VEÍCULO DE FORMA COMPATÍVEL COM A SEGURANÇA DO TRÂNSITO, QUANDO SE APROXIMAR DE PRÉSTITOS"
301,220 I,62625,7,"62625 - DEIXAR DE REDUZIR A VELOCIDADE DO VEÍCULO DE FORMA COMPATÍVEL COM A SEGURANÇA DO TRÂNSITO, QUANDO SE APROXIMAR DE DESFILES"
302,209,60683,5,60683 - EVADIR-SE PARA NÃO EFETUAR O PAGAMENTO DO PEDÁGIO
303,210,60760,7,60760 - TRANSPOR SEM AUTORIZAÇÃO BLOQUEIO VIÁRIO POLICIAL
304,211,60841,5,"60841 - ULTRAPASSAR VEÍCULOS EM FILA, PARADOS EM RAZÃO DE SINAL LUMINOSO, COM EXCEÇÃO DOS VEÍCULOS NÃO MOTORIZADOS"
305,211,60840,5,"60840 - ULTRAPASSAR VEÍCULOS EM FILA, PARADOS EM RAZÃO DE SINAL LUMINOSO, CANCELA, BLOQUEIO VIÁRIO PARCIAL OU QUALQUER OUTRO OBSTÁCULO, COM EXCEÇÃO DOS VEÍCULOS NÃO MOTORIZADOS"
306,211,60842,5,"60842 - ULTRAPASSAR VEÍCULOS EM FILA, PARADOS EM RAZÃO DE CANCELA, COM EXCEÇÃO DOS VEÍCULOS NÃO MOTORIZADOS"
307,211,60843,5,"60843 - ULTRAPASSAR VEÍCULOS EM FILA, PARADOS EM RAZÃO DE BLOQUEIO VIÁRIO PARCIAL, COM EXCEÇÃO DOS VEÍCULOS NÃO MOTORIZADOS"
308,211,60844,5,"60844 - ULTRAPASSAR VEÍCULOS EM FILA, PARADOS EM RAZÃO DE QUALQUER OUTRO OBSTÁCULO, COM EXCEÇÃO DOS VEÍCULOS NÃO MOTORIZADOS"
309,212,60920,7,60920 - DEIXAR DE PARAR O VEÍCULO ANTES DE TRANSPOR LINHA FÉRREA
310,213 I,61060,7,"61060 - DEIXAR DE PARAR O VEÍCULO SEMPRE QUE A RESPECTIVA MARCHA FOR INTERCEPTADA POR AGRUPAMENTOS DE PESSOAS, COMO PRÉSTITOS, PASSEATAS, DESFILES E OUTROS"
311,220 VIII,63351,5,63351 - DEIXAR DE REDUZIR A VELOCIDADE DO VEÍCULO DE FORMA COMPATÍVEL COM A SEGURANÇA DO TRÂNSITO SOB CHUVA
312,220 VIII,63352,5,63352 - DEIXAR DE REDUZIR A VELOCIDADE DO VEÍCULO DE FORMA COMPATÍVEL COM A SEGURANÇA DO TRÂNSITO SOB NEBLINA
313,220 VIII,63353,5,63353 - DEIXAR DE REDUZIR A VELOCIDADE DO VEÍCULO DE FORMA COMPATÍVEL COM A SEGURANÇA DO TRÂNSITO SOB CERRAÇÃO
314,220 VIII,63354,5,63354 - DEIXAR DE REDUZIR A VELOCIDADE DO VEÍCULO DE FORMA COMPATÍVEL COM A SEGURANÇA DO TRÂNSITO SOB VENTOS FORTES
315,213 II,61140,5,"61140 - DEIXAR DE PARAR O VEÍCULO SEMPRE QUE A RESPECTIVA MARCHA FOR INTERCEPTADA POR AGRUPAMENTOS DE VEÍCULOS, COMO CORTEJOS, FORMAÇÕES MILITARES E OUTROS"
316,214 I,61220,7,61220 - DEIXAR DE DAR PREFERÊNCIA DE PASSAGEM A PEDESTRE E A VEÍCULO NÃO MOTORIZADO QUE SE ENCONTRE NA FAIXA A ELE DESTINADA
317,207,60410,5,60410 - EXECUTAR OPERAÇÃO DE CONVERSÃO A DIREITA OU A ESQUERDA EM LOCAIS PROIBIDOS PELA SINALIZAÇÃO
318,209,60682,5,60682 - DEIXAR DE ADENTRAR ÀS ÁREAS DESTINADAS À PESAGEM DE VEÍCULOS
319,208,60502,7,60502 - AVANÇAR SINAL DE PARADA OBRIGATÓRIA
320,214 II,61300,7,"61300 - DEIXAR DE DAR PREFERÊNCIA DE PASSAGEM A PEDESTRE E A VEÍCULO NÃO MOTORIZADO QUE NÃO HAJA CONCLUÍDO A TRAVESSIA, MESMO QUE OCORRA SINAL VERDE PARA O VEÍCULO"
321,214 IV,61570,5,"61570 - DEIXAR DE DAR PREFERÊNCIA DE PASSAGEM A PEDESTRE E A VEÍCULO NÃO MOTORIZADO, QUANDO NÃO HOUVER INICIADO A TRAVESSIA, MESMO QUE NÃO SINALIZAÇÃO A ELE DESTINADA"
322,214 V,61650,5,61650 - DEIXAR DE DAR PREFERÊNCIA DE PASSAGEM A PEDESTRE E A VEÍCULO NÃO MOTORIZADO QUE ESTEJA ATRAVESSANDO A VIA TRANSVERSAL PARA ONDE SE DIRIGE O VEÍCULO
323,215 I,61731,5,"61731 - DEIXAR DE DAR PREFERÊNCIA DE PASSAGEM EM INTERSEÇÃO NÃO SINALIZADA, A VEÍCULO QUE ESTIVER CIRCULANDO POR RODOVIA"
324,215 I,61732,5,"61732 - DEIXAR DE DAR PREFERÊNCIA DE PASSAGEM EM INTERSEÇÃO NÃO SINALIZADA, A VEÍCULO QUE ESTIVER CIRCULANDO POR ROTATÓRIA"
325,215 I,61733,5,"61733 - DEIXAR DE DAR PREFERÊNCIA DE PASSAGEM EM INTERSEÇÃO NÃO SINALIZADA, A VEÍCULO QUE VIER DA DIREITA"
326,215 II,61810,5,"61810 - DEIXAR DE DAR PREFERÊNCIA DE PASSAGEM, NAS INTERSEÇÕES COM SINALIZAÇÃO DE REGULAMENTAÇÃO DE DÊ A PREFERÊNCIA"
327,216,61900,4,61900 - ENTRAR OU SAIR DE ÁREAS LINDEIRAS SEM ESTAR ADEQUADAMENTE POSICIONADO PARA O INGRESSO NA VIA E SEM AS PRECAUÇÕES COM A SEGURANÇA DE PEDESTRES E DE OUTROS VEÍCULOS
328,221 § único,64160,4,"64160 - CONFECCIONAR, DISTRIBUIR OU COLOCAR, EM VEÍCULO PRÓPRIO OU DE TERCEIROS, PLACAS DE IDENTIFICAÇÃO NÃO AUTORIZADAS PELA REGULAMENTAÇÃO DO CONTRAN"
329,217,62030,4,62030 - ENTRAR OU SAIR DE FILA DE VEÍCULOS ESTACIONADOS SEM DAR PREFERÊNCIA DE PASSAGEM A PEDESTRES E A OUTROS VEÍCULOS
330,219,62540,4,"62540 - TRANSITAR COM VEÍCULO EM VELOCIDADE INFERIOR À METADE DA VELOCIDADE MÁXIMA ESTABELECIDA PARA VIA, RETARDANDO OU OBSTRUINDO O TRÂNSITO, A MENOS QUE AS CONDIÇÕES DE TRAFEGO E METEOROLÓGICAS NÃO O PERMITAM, SALVO SE ESTIVER NA FAIXA DA DIREITA"
331,220 I,62620,7,"62620 - DEIXAR DE REDUZIR A VELOCIDADE DO VEÍCULO DE FORMA COMPATÍVEL COM A SEGURANÇA DO TRÂNSITO, QUANDO SE APROXIMAR DE PASSEATAS, AGLOMERAÇÕES, CORTEJOS, PRÉSTITOS E DESFILES"
332,220 II,62700,5,"62700 - DEIXAR DE REDUZIR A VELOCIDADE DO VEÍCULO DE FORMA COMPATÍVEL COM A SEGURANÇA DO TRÂNSITO NOS LOCAIS ONDE O TRÂNSITO ESTEJA SENDO CONTROLADO PELO AGENTE DA AUTORIDADE DE TRÂNSITO, MEDIANTE SINAIS SONOROS OU GESTOS"
333,220 III,62890,5,62890 - DEIXAR DE REDUZIR A VELOCIDADE DO VEÍCULO DE FORMA COMPATÍVEL COM A SEGURANÇA DO TRÂNSITO AO APROXIMAR-SE DA GUIA DA CALÇADA (MEIO-FIO) OU ACOSTAMENTO
334,225 I,64593,5,"64593 - DEIXAR DE SINALIZAR A VIA, DE FORMA A PREVENIR OS DEMAIS CONDUTORES E, À NOITE, NÃO MANTER ACESAS AS LUZES EXTERNAS, QUANDO TIVER DE PERMANECER NO ACOSTAMENTO"
335,225 I,64594,5,"64594 - OMITIR-SE A PROVIDÊNCIAS NECESSÁRIAS PARA TORNAR VISÍVEL O LOCAL, QUANDO TIVER DE PERMANECER NO ACOSTAMENTO"
336,225 II,64671,5,"64671 - DEIXAR DE SINALIZAR A VIA, DE FORMA A PREVENIR OS DEMAIS CONDUTORES E, À NOITE, NÃO MANTER ACESAS AS LUZES EXTERNAS, QUANDO A CARGA FOR DERRAMADA SOBRE A VIA E NÃO PUDER SER RETIRADA IMEDIATAMENTE"
337,225 II,64672,5,"64672 - OMITIR-SE A PROVIDÊNCIAS NECESSÁRIAS PARA TORNAR VISÍVEL O LOCAL, QUANDO A CARGA FOR DERRAMADA SOBRE A VIA E NÃO PUDER SER RETIRADA IMEDIATAMENTE"
338,220 III,62891,5,62891 - DEIXAR DE REDUZIR A VELOCIDADE DO VEÍCULO DE FORMA COMPATÍVEL COM A SEGURANÇA DO TRÂNSITO AO APROXIMAR-SE DA GUIA DA CALÇADA (MEIO-FIO)
339,220 III,62892,5,62892 - DEIXAR DE REDUZIR A VELOCIDADE DO VEÍCULO DE FORMA COMPATÍVEL COM A SEGURANÇA DO TRÂNSITO AO APROXIMAR-SE DO ACOSTAMENTO
340,227 I,64831,3,64831 - USAR BUZINA EM SITUAÇÃO QUE NÃO A DE SIMPLES TOQUE BREVE COMO ADVERTÊNCIA AO PEDESTRE
341,227 I,64832,3,64832 - USAR BUZINA EM SITUAÇÃO QUE NÃO A DE SIMPLES TOQUE BREVE COMO ADVERTÊNCIA A CONDUTORES DE OUTROS VEÍCULOS
342,220 IV,62970,5,62970 - DEIXAR DE REDUZIR A VELOCIDADE DO VEÍCULO DE FORMA COMPATÍVEL COM A SEGURANÇA DO TRÂNSITO AO APROXIMAR-SE DE OU PASSAR POR INTERSEÇÃO NÃO SINALIZADA
343,220 V,63000,5,63000 - DEIXAR DE REDUZIR A VELOCIDADE DO VEÍCULO DE FORMA COMPATÍVEL COM A SEGURANÇA DO TRÂNSITO NAS VIAS RURAIS CUJA FAIXA DE DOMÍNIO NÃO ESTEJA CERCADA
344,220 VIII,63350,5,"63350 - DEIXAR DE REDUZIR A VELOCIDADE DO VEÍCULO DE FORMA COMPATÍVEL COM A SEGURANÇA DO TRÂNSITO SOB CHUVA, NEBLINA CERRAÇÃO OU VENTOS FORTES"
345,220 VII,63270,5,63270 - DEIXAR DE REDUZIR A VELOCIDADE DO VEÍCULO DE FORMA COMPATÍVEL COM A SEGURANÇA DO TRÂNSITO AO APROXIMAR-SE DE LOCAIS SINALIZADOS COM ADVERTÊNCIA DE OBRAS OU TRABALHADORES NA PISTA
346,220 IX,63430,5,63430 - DEIXAR DE REDUZIR A VELOCIDADE DO VEÍCULO DE FORMA COMPATÍVEL COM A SEGURANÇA DO TRÂNSITO QUANDO HOUVER MÁ VISIBILIDADE
347,220 X,63510,5,"63510 - DEIXAR DE REDUZIR A VELOCIDADE DO VEÍCULO DE FORMA COMPATÍVEL COM A SEGURANÇA DO TRÂNSITO QUANDO O PAVIMENTO SE APRESENTAR ESCORREGADIO, DEFEITUOSO OU AVARIADO"
348,220 X,63511,5,63511 - DEIXAR DE REDUZIR A VELOCIDADE DO VEÍCULO DE FORMA COMPATÍVEL COM A SEGURANÇA DO TRÂNSITO QUANDO O PAVIMENTO SE APRESENTAR ESCORREGADIO
349,215 I,61730,5,"61730 - DEIXAR DE DAR PREFERÊNCIA DE PASSAGEM EM INTERSEÇÃO NÃO SINALIZADA, A VEÍCULO QUE ESTIVER CIRCULANDO POR RODOVIA OU ROTATÓRIA OU A VEÍCULO QUE VIER PELA DIREITA"
350,214 III,61490,7,"61490 - DEIXAR DE DAR PREFERÊNCIA DE PASSAGEM A PEDESTRE E A VEÍCULO NÃO MOTORIZADO PORTADORES DE DEFICIÊNCIA FÍSICA, CRIANÇAS, IDOSOS E A GESTANTES"
351,220 VI,63190,5,63190 - DEIXAR DE REDUZIR A VELOCIDADE DO VEÍCULO DE FORMA COMPATÍVEL COM A SEGURANÇA DO TRÂNSITO NOS TRECHOS EM CURVAS DE PEQUENO RAIO
352,220 X,63512,5,63512 - DEIXAR DE REDUZIR A VELOCIDADE DO VEÍCULO DE FORMA COMPATÍVEL COM A SEGURANÇA DO TRÂNSITO QUANDO O PAVIMENTO SE APRESENTAR DEFEITUOSO OU AVARIADO
353,220 XIII,63860,7,63860 - DEIXAR DE REDUZIR VELOCIDADE DE FORMA COMPATÍVEL COM A SEGURANÇA AO ULTRAPASSAR CICLISTA
354,220 XII,63780,5,63780 - DEIXAR DE REDUZIR A VELOCIDADE DO VEÍCULO DE FORMA COMPATÍVEL COM A SEGURANÇA DO TRÂNSITO EM DECLIVE
355,220 XI,63600,5,63600 - DEIXAR DE REDUZIR A VELOCIDADE DO VEÍCULO DE FORMA COMPATÍVEL COM A SEGURANÇA DO TRÂNSITO À APROXIMAÇÃO DE ANIMAIS NA PISTA
356,220 XIV,63940,7,"63940 - DEIXAR DE REDUZIR A VELOCIDADE DO VEÍCULO DE FORMA COMPATÍVEL COM A SEGURANÇA DO TRÂNSITO NAS PROXIMIDADES DE ESCOLA, HOSPITAIS, ESTAÇÕES DE EMBARQUE E DESEMBARQUE DE PASSAGEIROS OU ONDE HAJA INTENSA MOVIMENTAÇÃO DE PEDESTRES"
357,220 XIV,63941,7,63941 - DEIXAR DE REDUZIR A VELOCIDADE DO VEÍCULO DE FORMA COMPATÍVEL COM A SEGURANÇA DO TRÂNSITO NAS PROXIMIDADES DE ESCOLA
358,220 XIV,63942,7,63942 - DEIXAR DE REDUZIR A VELOCIDADE DO VEÍCULO DE FORMA COMPATÍVEL COM A SEGURANÇA DO TRÂNSITO NAS PROXIMIDADES DE HOSPITAIS
359,220 XIV,63943,7,63943 - DEIXAR DE REDUZIR A VELOCIDADE DO VEÍCULO DE FORMA COMPATÍVEL COM A SEGURANÇA DO TRÂNSITO NAS PROXIMIDADES DE ESTAÇÕES DE EMBARQUE E DESEMBARQUE DE PASSAGEIROS
360,221,64080,4,"64080 - PORTAR NO VEÍCULO, PLACAS DE IDENTIFICAÇÃO EM DESACORDO COM AS ESPECIFICAÇÕES E MODELOS ESTABELECIDOS PELO CONTRAN"
361,220 XIV,63944,7,63944 - DEIXAR DE REDUZIR A VELOCIDADE DO VEÍCULO DE FORMA COMPATÍVEL COM A SEGURANÇA DO TRÂNSITO ONDE HAJA INTENSA MOVIMENTAÇÃO DE PEDESTRES
362,221§ único,64162,4,"64162 - COLOCAR, EM VEÍCULO DE TERCEIROS, PLACAS DE IDENTIFICAÇÃO NÃO AUTORIZADAS PELA REGULAMENTAÇÃO DO CONTRAN"
363,221§ único,64161,4,"64161 - COLOCAR, EM VEÍCULO PRÓPRIO, PLACAS DE IDENTIFICAÇÃO NÃO AUTORIZADAS PELA REGULAMENTAÇÃO DO CONTRAN"
364,222,64240,4,"64240 - DEIXAR DE MANTER LIGADO, NAS SITUAÇÕES DE ATENDIMENTO DE EMERGÊNCIA, O SISTEMA DE ILUMINAÇÃO VERMELHA INTERMITENTE DOS VEÍCULOS DE POLÍCIA, DE SOCORRO DE INCÊNDIO E SALVAMENTO, DE FISCALIZAÇÃO DE TRÂNSITO E DAS AMBULÂNCIAS, AINDA QUE PARADOS"
365,223,64320,5,64320 - TRANSITAR COM FAROL DESREGULADO OU COM FACHO DE LUZ ALTA DE FORMA A PERTURBARA VISÃO DE OUTRO CONDUTOR
366,223,64322,5,64322 - TRANSITAR COM FACHO DE LUZ ALTA DE FORMA A PERTURBAR A VISÃO DE OUTRO CONDUTOR
367,223,64321,5,64321 - TRANSITAR COM FAROL DESREGULADO DE FORMA A PERTURBARA VISÃO DE OUTRO CONDUTOR
368,224,64400,3,64400 - FAZER USO DO FACHO DE LUZ ALTA DOS FARÓIS EM VIAS PROVIDAS DE ILUMINAÇÃO PÚBLICA
369,225 I,64591,5,"64591 - DEIXAR DE SINALIZAR A VIA, DE FORMA A PREVENIR OS DEMAIS CONDUTORES E, À NOITE, NÃO MANTER ACESAS AS LUZES EXTERNAS OU OMITIR-SE A PROVIDÊNCIAS NECESSÁRIAS PARA TORNAR VISÍVEL O LOCAL, QUANDO TIVER DE REMOVER O VEÍCULO DA PISTA DE ROLAMENTO"
370,230 XI,66533,5,"66533 - CONDUZIR O VEÍCULO COM O SILENCIADOR DO MOTOR DE EXPLOSÃO, DEFICIENTE OU INOPERANTE"
371,225 I,64590,5,"64590 - DEIXAR DE SINALIZAR A VIA, DE FORMA A PREVENIR OS DEMAIS CONDUTORES E, À NOITE, NÃO MANTER ACESAS AS LUZES EXTERNAS OU OMITIR-SE A PROVIDÊNCIAS NECESSÁRIAS PARA TORNAR VISÍVEL O LOCAL, QUANDO TIVER DE REMOVER O VEÍCULO DA PISTA DE ROLAMENTO OU PERMANECER NO ACOSTAMENTO"
372,230 XII,66611,5,66611 - CONDUZIR O VEÍCULO COM EQUIPAMENTO PROIBIDO
373,225 I,64592,5,"64592 - DEIXAR DE SINALIZAR A VIA, DE FORMA A PREVENIR OS DEMAIS CONDUTORES E, À NOITE, NÃO MANTER ACESAS AS LUZES EXTERNAS OU OMITIR-SE A PROVIDÊNCIAS NECESSÁRIAS PARA TORNAR VISÍVEL O LOCAL, QUANDO TIVER DE PERMANECER NO ACOSTAMENTO"
374,230 XII,66612,5,66612 - CONDUZIR O VEÍCULO COM ACESSÓRIO PROIBIDO
375,225 II,64670,5,"64670 - DEIXAR DE SINALIZAR A VIA, DE FORMA A PREVENIR OS DEMAIS CONDUTORES E, À NOITE, NÃO MANTER ACESAS AS LUZES EXTERNAS OU OMITIR-SE A PROVIDÊNCIAS NECESSÁRIAS PARA TORNAR VISÍVEL O LOCAL, QUANDO A CARGA FOR DERRAMADA SOBRE A VIA E NÃO PUDER SER RETIRADA IMEDIATAMENTE"
376,227 II,64910,3,64910 - USAR BUZINA PROLONGADA E SUCESSIVAMENTE A QUALQUER PRETEXTO
377,226,64750,4,64750 - DEIXAR DE RETIRAR TODO E QUALQUER OBJETO QUE TENHA SIDO UTILIZADO PARA SINALIZAÇÃO TEMPORÁRIA DA VIA
378,227 I,64830,3,64830 - USAR BUZINA EM SITUAÇÃO QUE NÃO A DE SIMPLES TOQUE BREVE COMO ADVERTÊNCIA AO PEDESTRE OU A CONDUTORES DE OUTROS VEÍCULOS
379,227 III,65050,3,65050 - USAR BUZINA ENTRE AS VINTE E DUAS E ÀS SEIS HORAS
380,227 V,65210,3,65210 - USAR BUZINA EM DESACORDO COM OS PADRÕES E FREQUÊNCIAS ESTABELECIDAS PELO CONTRAN
381,228,65300,5,65300 - USAR NO VEÍCULO EQUIPAMENTO COM SOM EM VOLUME OU FREQUÊNCIA QUE NÃO SEJAM AUTORIZADAS PELO CONTRAN
382,230 XVII,67181,5,"67181 - CONDUZIR O VEÍCULO COM CORTINAS FECHADAS, NÃO AUTORIZADAS PELA LEGISLAÇÃO"
383,230 XVII,67182,5,"67182 - CONDUZIR O VEÍCULO COM PERSIANAS FECHADAS, NÃO AUTORIZADAS PELA LEGISLAÇÃO"
384,229,65480,4,"65480 - USAR INDEVIDAMENTE NO VEÍCULO APARELHO DE ALARME OU QUE PRODUZA SONS E RUÍDO QUE PERTURBE O SOSSEGO PÚBLICO, EM DESACORDO COM NORMAS FIXADAS PELO CONTRAN"
385,229,65481,4,"65481 - USAR INDEVIDAMENTE NO VEÍCULO APARELHO DE ALARME QUE PERTURBE O SOSSEGO PÚBLICO, EM DESACORDO COM NORMAS FIXADAS PELO CONTRAN"
386,229,65482,4,"65482 - USAR INDEVIDAMENTE NO VEÍCULO APARELHO QUE PRODUZA SONS E RUÍDO QUE PERTURBE O SOSSEGO PÚBLICO, EM DESACORDO COM NORMAS FIXADAS PELO CONTRAN"
387,227 IV,65130,3,65130 - USAR BUZINA EM LOCAIS E HORÁRIOS PROIBIDOS PELA SINALIZAÇÃO
388,230 I,65560,7,"65560 - CONDUZIR O VEÍCULO COM O LACRE, A INSCRIÇÃO DO CHASSI, O SELO, A PLACA OU QUALQUER OUTRO ELEMENTO DE IDENTIFICAÇÃO DE VEÍCULO VIOLADO OU FALSIFICADO"
389,230 I,65563,7,65563 - CONDUZIR O VEÍCULO COM O SELO VIOLADO OU FALSIFICADO
390,230 I,65561,7,65561 - CONDUZIR O VEÍCULO COM O LACRE DE IDENTIFICAÇÃO VIOLADO OU FALSIFICADO
391,230 I,65564,7,65564 - CONDUZIR O VEÍCULO COM A PLACA VIOLADO OU FALSIFICADO
392,230 I,65565,7,65565 - CONDUZIR O VEÍCULO COM QUALQUER OUTRO ELEMENTO DE IDENTIFICAÇÃO DO VEÍCULO VIOLADO OU FALSIFICADO
393,230 II,65640,7,"65640 - CONDUZIR O VEÍCULO TRANSPORTANDO PASSAGEIROS EM COMPARTIMENTO DE CARGA, SALVO POR MOTIVO DE FORÇA MAIOR COM PERMISSÃO DA AUTORIDADE COMPETENTE E NA FORMA ESTABELECIDA PELO CONTRAN"
394,230 III,65720,7,65720 - CONDUZIR O VEÍCULO COM DISPOSITIVO ANTI-RADAR
395,231 II B,67931,7,67931 - TRANSITAR COM O VEÍCULO DERRAMANDO SOBRE A VIA COMBUSTÍVEL QUE ESTEJA UTILIZANDO
396,231 II B,67932,7,67932 - TRANSITAR COM O VEÍCULO LANÇANDO SOBRE A VIA COMBUSTÍVEL QUE ESTEJA UTILIZANDO
397,231 II B,67935,7,67935 - TRANSITAR COM O VEÍCULO LANÇANDO SOBRE A VIA LUBRIFICANTE QUE ESTEJA UTILIZANDO
398,230 I,65562,7,65562 - CONDUZIR O VEÍCULO COM A INSCRIÇÃO DO CHASSI VIOLADO OU FALSIFICADO
399,231 II B,67936,7,67936 - TRANSITAR COM O VEÍCULO ARRASTANDO SOBRE A VIA LUBRIFICANTE QUE ESTEJA UTILIZANDO
400,231 II B,67934,7,67934 - TRANSITAR COM O VEÍCULO DERRAMANDO SOBRE A VIA LUBRIFICANTE QUE ESTEJA UTILIZANDO
401,230 IV,65800,7,65800 - CONDUZIR O VEÍCULO SEM QUALQUER UMA DAS PLACAS DE IDENTIFICAÇÃO
402,231 II C,68071,7,68071 - TRANSITAR COM O VEÍCULO DERRAMANDO QUALQUER OBJETO QUE POSSA ACARRETAR RISCO DE ACIDENTE
403,231 II C,68072,7,68072 - TRANSITAR COM O VEÍCULO LANÇANDO QUALQUER OBJETO QUE POSSA ACARRETAR RISCO DE ACIDENTE
404,231 II C,68073,7,68073 - TRANSITAR COM O VEÍCULO ARRASTANDO QUALQUER OBJETO QUE POSSA ACARRETAR RISCO DE ACIDENTE
405,230 V,65990,7,65990 - CONDUZIR O VEÍCULO QUE NÃO ESTEJA REGISTRADO E DEVIDAMENTE LICENCIADO
406,231 II B,67933,7,67933 - TRANSITAR COM O VEÍCULO ARRASTANDO SOBRE A VIA COMBUSTÍVEL QUE ESTEJA UTILIZANDO
407,231 III,68151,5,68151 - TRANSITAR COM O VEÍCULO PRODUZINDO FUMAÇA EM NÍVEIS SUPERIORES AOS FIXADOS PELO CONTRAN
408,231 IV,68230,5,"68230 - TRANSITAR COM O VEÍCULO COM SUAS DIMENSÕES OU DE SUA CARGA SUPERIORES AOS LIMITES ESTABELECIDOS LEGALMENTE OU PELA SINALIZAÇÃO, SEM AUTORIZAÇÃO"
409,230 VI,66020,7,"66020 - CONDUZIR O VEÍCULO COM QUALQUER UMA DAS PLACAS DE IDENTIFICAÇÃO, SEM CONDIÇÕES DE LEGIBILIDADE E VISIBILIDADE"
410,230 VII,66100,5,66100 - CONDUZIR O VEÍCULO COM COR OU CARACTERÍSTICA ALTERADA
411,230 VII,66101,5,66101 - CONDUZIR O VEÍCULO COM A COR ALTERADA
412,230 VII,66102,5,66102 - CONDUZIR O VEÍCULO COM A CARACTERÍSTICA ALTERADA
413,231 III,68152,5,68152 - TRANSITAR COM O VEÍCULO PRODUZINDO GASES EM NÍVEIS SUPERIORES AOS FIXADOS PELO CONTRAN
414,231 III,68153,5,68153 - TRANSITAR COM O VEÍCULO PRODUZINDO PARTÍCULAS EM NÍVEIS SUPERIORES AOS FIXADOS PELO CONTRAN
415,230 VIII,66290,5,"66290 - CONDUZIR O VEÍCULO, SEM TER SIDO SUBMETIDO A INSPEÇÃO DE SEGURANÇA VEICULAR, QUANDO OBRIGATÓRIA"
416,230 IX,66370,5,66370 - CONDUZIR O VEÍCULO SEM EQUIPAMENTO OBRIGATÓRIO OU ESTANDO ESTE INEFICIENTE OU INOPERANTE
417,230 IX,66371,5,66371 - CONDUZIR O VEÍCULO SEM EQUIPAMENTO OBRIGATÓRIO
418,230 X,66450,5,66450 - CONDUZIR O VEÍCULO COM O EQUIPAMENTO OBRIGATÓRIO EM DESACORDO COM O ESTABELECIDO PELO CONTRAN
419,230 XI,66531,5,66531 - CONDUZIR O VEÍCULO COM DESCARGA LIVRE
420,230 XII,66610,5,66610 - CONDUZIR O VEÍCULO COM EQUIPAMENTO OU ACESSÓRIO PROIBIDO
421,230 XIII,66700,5,66700 - CONDUZIR O VEÍCULO COM O EQUIPAMENTO DO SISTEMA DE ILUMINAÇÃO E DE SINALIZAÇÃO ALTERADOS
422,230 XIV,66880,5,"66880 - CONDUZIR O VEÍCULO COM REGISTRADOR INSTANTÂNEO DE VELOCIDADE E TEMPO VICIADO OU DEFEITUOSO, QUANDO HOUVER EXIGÊNCIA DESSE APARELHO"
423,230 XV,66960,5,"66960 - CONDUZIR O VEÍCULO COM INSCRIÇÕES, ADESIVOS, LEGENDAS E SÍMBOLOS DE CARÁTER PUBLICITÁRIO AFIXADOS OU PINTADOS NO PARA-BRISA E EM TODA A EXTENSÃO DA PARTE TRASEIRA DO VEÍCULO, EXCETUADAS AS HIPÓTESES PREVISTAS NO CTB"
424,230 XV,66961,5,"66961 - CONDUZIR O VEÍCULO COM INSCRIÇÕES, ADESIVOS, LEGENDAS E SÍMBOLOS DE CARÁTER PUBLICITÁRIO AFIXADOS NO PARA-BRISA E EM TODA A EXTENSÃO DA PARTE TRASEIRA DO VEÍCULO, EXCETUADAS AS HIPÓTESES PREVISTAS NO CTB"
425,230 XV,66962,5,"66962 - CONDUZIR O VEÍCULO COM INSCRIÇÕES, ADESIVOS, LEGENDAS E SÍMBOLOS DE CARÁTER PUBLICITÁRIO PINTADOS NO PARA-BRISA E EM TODA A EXTENSÃO DA PARTE TRASEIRA DO VEÍCULO, EXCETUADAS AS HIPÓTESES PREVISTAS NO CTB"
426,234,69390,7,69390 - FALSIFICAR OU ADULTERAR DOCUMENTO DE HABILITAÇÃO E DE IDENTIFICAÇÃO DO VEÍCULO
427,230 XVI,67000,5,"67000 - CONDUZIR O VEICULO COM VIDROS TOTAL OU PARCIALMENTE COBERTOS POR PELÍCULAS REFLETIVAS OU NÃO, PAINÉIS DECORATIVOS OU PINTURAS"
428,230 XVI,67001,5,67001 - CONDUZIR O VEICULO COM VIDROS TOTAL OU PARCIALMENTE COBERTOS POR PELÍCULAS REFLETIVAS OU NÃO
429,230 XVI,67002,5,67002 - CONDUZIR O VEICULO COM VIDROS TOTAL OU PARCIALMENTE COBERTOS POR PAINÉIS DECORATIVOS OU PINTURAS
430,230 XVII,67180,5,"67180 - CONDUZIR O VEÍCULO COM CORTINAS OU PERSIANAS FECHADAS, NÃO AUTORIZADAS PELA LEGISLAÇÃO"
431,230 XVIII,67260,5,"67260 - CONDUZIR O VEÍCULO EM MAU ESTADO DE CONSERVAÇÃO, COMPROMETENDO A SEGURANÇA OU REPROVADO NA AVALIAÇÃO DE SEGURANÇA E DE EMISSÃO DE POLUENTES E RUÍDO"
432,230 XVIII,67261,5,"67261 - CONDUZIR O VEÍCULO EM MAU ESTADO DE CONSERVAÇÃO, COMPROMETENDO A SEGURANÇA"
433,230 XVIII,67262,5,67262 - CONDUZIR O VEÍCULO REPROVADO NA AVALIAÇÃO DE INSPEÇÃO DE SEGURANÇA
434,230 XVIII,67263,5,67263 - CONDUZIR O VEÍCULO REPROVADO NA AVALIAÇÃO DE EMISSÃO DE POLUENTES E RUÍDOS
435,230 XIX,67340,5,67340 - CONDUZIR O VEÍCULO SEM ACIONAR O LIMPADOR DE PARA-BRISA SOB CHUVA
436,230 IX,66372,5,66372 - CONDUZIR O VEÍCULO COM EQUIPAMENTO OBRIGATÓRIO INEFICIENTE OU INOPERANTE
437,230 XI,66532,5,"66532 - CONDUZIR O VEÍCULO COM O SILENCIADOR DO MOTOR DE EXPLOSÃO DEFEITUOSO, DEFICIENTE OU INOPERANTE"
438,230 XI,66530,5,"66530 - CONDUZIR O VEÍCULO COM DESCARGA LIVRE OU SILENCIADOR DE MOTOR DE EXPLOSÃO DEFEITUOSO, DEFICIENTE OU INOPERANTE"
439,230 XX,67420,5,67420 - CONDUZIR O VEÍCULO SEM PORTAR A AUTORIZAÇÃO PARA CONDUÇÃO DE ESCOLARES
440,230 XXI,67500,4,67500 - CONDUZIR O VEÍCULO DE CARGA COM FALTA DE INSCRIÇÃO DA TARA E DEMAIS INSCRIÇÕES PREVISTAS NO CTB
441,230 XXII,67690,4,67690 - CONDUZIR O VEÍCULO COM DEFEITO NO SISTEMA DE ILUMINAÇÃO DE SINALIZAÇÃO OU COM LÂMPADAS QUEIMADAS
442,230 XXII,67691,4,67691 - CONDUZIR O VEÍCULO COM DEFEITO NO SISTEMA DE ILUMINAÇÃO
443,240,69981,5,69981 - DEIXAR O RESPONSÁVEL DE PROMOVER A BAIXA DE VEÍCULO IRRECUPERÁVEL
444,230 XXII,67692,4,67692 - CONDUZIR O VEÍCULO COM DEFEITO NO SISTEMA DE SINALIZAÇÃO
445,241,70050,3,70050 - DEIXAR DE ATUALIZAR O CADASTRO DE REGISTRO DO VEÍCULO OU DE HABILITAÇÃO DO CONDUTOR
446,231 I,67770,7,"67770 - TRANSITAR COM O VEÍCULO DANIFICANDO A VIA, SUAS INSTALAÇÕES E EQUIPAMENTOS"
447,230 XXII,67693,4,67693 - CONDUZIR O VEÍCULO COM LÂMPADAS QUEIMADAS
448,242,70130,7,"70130 - FAZER FALSA DECLARAÇÃO DE DOMICILIO PARA FINS DE REGISTRO, LICENCIAMENTO OU HABILITAÇÃO"
449,240,69982,5,69982 - DEIXAR O RESPONSÁVEL DE PROMOVER A BAIXA DE VEÍCULO DEFINITIVAMENTE DESMONTADO
450,231 II A,67850,7,"67850 - TRANSITAR COM O VEÍCULO DERRAMANDO, LANÇANDO OU ARRASTANDO SOBRE A VIA, CARGA QUE ESTEJA TRANSPORTANDO"
451,231 II A,67852,7,"67852 - TRANSITAR COM O VEÍCULO LANÇANDO SOBRE A VIA, CARGA QUE ESTEJA TRANSPORTANDO"
452,231 II A,67853,7,"67853 - TRANSITAR COM O VEÍCULO ARRASTANDO SOBRE A VIA, CARGA QUE ESTEJA TRANSPORTANDO"
453,231 II B,67930,7,"67930 - TRANSITAR COM O VEÍCULO DERRAMANDO, LANÇANDO OU ARRASTANDO SOBRE A VIA COMBUSTÍVEL OU LUBRIFICANTE QUE ESTEJA UTILIZANDO"
454,231 II C,68070,7,"68070 - TRANSITAR COM O VEÍCULO DERRAMANDO, LANÇANDO OU ARRASTANDO QUALQUER OBJETO QUE POSSA ACARRETAR RISCO DE ACIDENTE"
455,231 II A,67851,7,"67851 - TRANSITAR COM O VEÍCULO DERRAMANDO SOBRE A VIA, CARGA QUE ESTEJA TRANSPORTANDO"
456,231 III,68150,5,"68150 - TRANSITAR COM O VEÍCULO PRODUZINDO FUMAÇA, GASES OU PARTÍCULAS EM NÍVEIS SUPERIORES AOS FIXADOS PELO CONTRAN"
457,231 IV,68231,5,68231 - TRANSITAR COM VEÍCULO E/OU CARGA COM DIMENSÕES SUPERIORES AO LIMITE LEGAL SEM AUTORIZAÇÃO
458,231 IV,68232,5,68232 - TRANSITAR COM VEÍCULO E/OU CARGA COM DIMENSÕES SUPERIORES ESTABELECIDO PELA SINALIZAÇÃO SEM AUTORIZAÇÃO
459,231 IV,68233,5,68233 - TRANSITAR COM O VEÍCULO COM AS DIMENSÕES DE SUA CARGA SUPERIORES AOS LIMITES ESTABELECIDOS LEGALMENTE SEM AUTORIZAÇÃO
460,231 V,68310,4,"68310 - TRANSITAR COM O VEÍCULO COM EXCESSO DE PESO, ADMITIDO PERCENTUAL DE TOLERÂNCIA QUANDO AFERIDO POR EQUIPAMENTO"
461,231 VI,68400,5,"68400 - TRANSITAR COM O VEÍCULO EM DESACORDO COM A AUTORIZAÇÃO ESPECIAL, EXPEDIDA PELA AUTORIDADE COMPETENTE, PARA TRANSITAR COM DIMENSÕES EXCEDENTES OU QUANDO A MESMA ESTIVER VENCIDA"
462,231 VI,68401,5,"68401 - TRANSITAR COM O VEÍCULO EM DESACORDO COM A AUTORIZAÇÃO ESPECIAL, EXPEDIDA PELA AUTORIDADE COMPETENTE, PARA TRANSITAR COM DIMENSÕES EXCEDENTES"
463,231 VI,68402,5,"68402 - TRANSITAR COM AUTORIZAÇÃO VENCIDA, EXPEDIDA P/ VEÍCULO C/ DIMENSÕES EXCEDENTES"
464,231 VII,68580,4,68580 - TRANSITAR COM O VEÍCULO COM LOTAÇÃO EXCEDENTE
465,231 VIII,68660,4,"68660 - TRANSITAR COM O VEÍCULO EFETUANDO TRANSPORTE REMUNERADO DE PESSOAS DE PESSOAS OU BENS, QUANDO NÃO FOR LICENCIADO PARA ESSE FIM, SALVO CASOS DE FORÇA MAIOR OU COM PERMISSÃO DA AUTORIDADE COMPETENTE"
466,231 IV,68234,5,"68234 - TRANSITAR COM O VEÍCULO COM AS DIMENSÕES DE SUA CARGA SUPERIORES À SINALIZAÇÃO, SEM AUTORIZAÇÃO"
467,231 VIII,68661,7,"68661 - TRANSITAR COM O VEÍCULO EFETUANDO TRANSPORTE REMUNERADO DE PESSOAS, QUANDO NÃO FOR LICENCIADO PARA ESSE FIM, SALVO CASOS DE FORÇA MAIOR OU COM PERMISSÃO DA AUTORIDADE COMPETENTE"
468,231 VIII,68662,4,"68662 - TRANSITAR COM O VEÍCULO EFETUANDO TRANSPORTE REMUNERADO DE BENS, QUANDO NÃO FOR LICENCIADO PARA ESSE FIM, SALVO CASOS DE FORCA MAIOR OU COM PERMISSÃO DA AUTORIDADE COMPETENTE"
469,231 IX,68740,4,"68740 - TRANSITAR COM O VEÍCULO DESLIGADO OU DESENGRENADO, EM DECLIVE"
470,231 IX,68741,4,"68741 - TRANSITAR COM O VEÍCULO DESLIGADO, EM DECLIVE"
471,231 X,68820,4,"68820 - TRANSITAR COM O VEÍCULO EXCEDENDO A CAPACIDADE MÁXIMA DE TRAÇÃO, EM INFRAÇÃO CONSIDERADA MÉDIA PELO CONTRAN"
472,231 IX,68742,4,"68742 - TRANSITAR COM O VEÍCULO DESENGRENADO, EM DECLIVE"
473,231 X,68900,5,"68900 - TRANSITAR COM O VEÍCULO EXCEDENDO A CAPACIDADE MÁXIMA DE TRAÇÃO, EM INFRAÇÃO CONSIDERADA GRAVE PELO CONTRAN"
474,231 X,69040,7,"69040 - TRANSITAR COM O VEÍCULO EXCEDENDO A CAPACIDADE MÁXIMA DE TRAÇÃO, EM INFRAÇÃO CONSIDERADA GRAVÍSSIMA PELO CONTRAN"
475,232,69120,3,69120 - CONDUZIR O VEÍCULO SEM OS DOCUMENTOS DE PORTE OBRIGATÓRIO
476,234,69391,7,69391 - FALSIFICAR OU ADULTERAR DOCUMENTO DE HABILITAÇÃO
477,233,69200,5,"69200 - DEIXAR DE EFETUAR O REGISTRO DE VEÍCULO NO PRAZO DE TRINTA DIAS, JUNTO AO ÓRGÃO EXECUTIVO DE TRÂNSITO"
478,234,69392,7,69392 - ADULTERAR DOCUMENTO DE HABILITAÇÃO
479,235,69470,5,"69470 - CONDUZIR PESSOAS, ANIMAIS OU CARGAS NAS PARTES EXTERNAS DO VEÍCULO SALVO NOS CASOS DEVIDAMENTE AUTORIZADOS"
480,235,69472,5,69472 - CONDUZIR ANIMAIS NAS PARTES EXTERNAS DO VEÍCULO SALVO NOS CASOS DEVIDAMENTE AUTORIZADOS
481,235,69471,5,69471 - CONDUZIR PESSOAS NAS PARTES EXTERNAS DO VEÍCULO SALVO NOS CASOS DEVIDAMENTE AUTORIZADOS
482,235,69473,5,69473 - CONDUZIR CARGA NAS PARTES EXTERNAS DO VEÍCULO SALVO NOS CASOS DEVIDAMENTE AUTORIZADOS
483,236,69551,4,69551 - REBOCAR OUTRO VEÍCULO COM CABO FLEXÍVEL SALVO EM CASOS DE EMERGÊNCIA
484,236,69550,4,69550 - REBOCAR OUTRO VEÍCULO COM CABO FLEXÍVEL OU CORDA SALVO EM CASOS DE EMERGÊNCIA
485,236,69552,4,69552 - REBOCAR OUTRO VEÍCULO COM CORDA SALVO EM CASOS DE EMERGÊNCIA
486,237,69630,5,"69630 - TRANSITAR COM O VEÍCULO EM DESACORDO COM AS ESPECIFICAÇÕES E COM FALTA DE INSCRIÇÃO E SIMBOLOGIA, NECESSÁRIAS A SUA IDENTIFICAÇÃO QUANDO EXIGIDAS PELA LEGISLAÇÃO"
487,237,69631,5,"69631 - TRANSITAR COM O VEÍCULO EM DESACORDO COM AS ESPECIFICAÇÕES, NECESSÁRIAS A SUA IDENTIFICAÇÃO QUANDO EXIGIDAS PELA LEGISLAÇÃO"
488,237,69633,5,"69633 - TRANSITAR COM O VEÍCULO, COM FALTA DE SIMBOLOGIA NECESSÁRIA A SUA IDENTIFICAÇÃO, QUANDO EXIGIDA PELA LEGISLAÇÃO"
489,237,69632,5,"69632 - TRANSITAR COM O VEÍCULO, COM FALTA DE INSCRIÇÃO NECESSÁRIA A SUA IDENTIFICAÇÃO, QUANDO EXIGIDA PELA LEGISLAÇÃO"
490,239,69800,7,"69800 - RETIRAR DO LOCAL VEÍCULO LEGALMENTE RETIDO PARA REGULARIZAÇÃO, SEM PERMISSÃO DA AUTORIDADE COMPETENTE OU SEUS AGENTES"
491,240,69980,5,69980 - DEIXAR O RESPONSÁVEL DE PROMOVER A BAIXA DE VEÍCULO IRRECUPERÁVEL OU DEFINITIVAMENTE DESMONTADO
492,238,69710,7,"69710 - RECUSAR-SE A ENTREGAR À AUTORIDADE DE TRÂNSITO OU SEUS AGENTES, MEDIANTE RECIBO, OS DOCUMENTOS DE HABILITAÇÃO, DE REGISTRO, DE LICENCIAMENTO DE VEÍCULO E OUTROS EXIGIDOS POR LEI, PARA AVERIGUAÇÃO DE SUA AUTENTICIDADE"
493,241,70051,3,70051 - DEIXAR DE ATUALIZAR O CADASTRO DE REGISTRO DO VEÍCULO
494,250 II,72771,4,"72771 - DEIXAR DE MANTER ACESA PELO MENOS AS LUZES DE POSIÇÃO SOB CHUVA FORTE, QUANDO O VEÍCULO ESTIVER EM MOVIMENTO"
495,250 II,72772,4,"72772 - DEIXAR DE MANTER ACESA PELO MENOS AS LUZES DE POSIÇÃO SOB NEBLINA, QUANDO O VEÍCULO ESTIVER EM MOVIMENTO"
496,241,70052,3,70052 - DEIXAR DE ATUALIZAR O CADASTRO DE HABILITAÇÃO DO CONDUTOR
497,242,70131,7,70131 - FAZER FALSA DECLARAÇÃO DE DOMICILIO PARA FINS DE REGISTRO E LICENCIAMENTO
498,250 II,72773,4,"72773 - DEIXAR DE MANTER ACESA PELO MENOS AS LUZES DE POSIÇÃO SOB CERRAÇÃO, QUANDO O VEÍCULO ESTIVER EM MOVIMENTO"
499,242,70132,7,70132 - FAZER FALSA DECLARAÇÃO DE DOMICILIO PARA FINS DE HABILITAÇÃO
500,243,70210,5,70210 - DEIXAR A EMPRESA SEGURADORA DE COMUNICAR AO ÓRGÃO EXECUTIVO DE TRÂNSITO COMPETENTE A OCORRÊNCIA DE PERDA TOTAL DO VEÍCULO E DE LHE DEVOLVER AS RESPECTIVAS PLACAS E DOCUMENTOS
501,244 I,70300,7,"70300 - CONDUZIR MOTOCICLETA, MOTONETA OU CICLOMOTOR SEM USAR CAPACETE DE SEGURANÇA COM VISEIRA OU ÓCULOS DE PROTEÇÃO E VESTUÁRIO DE ACORDO COM AS NORMAS E ESPECIFICAÇÕES APROVADAS PELO CONTRAN"
502,244 I,70301,7,"70301 - CONDUZIR MOTOCICLETA, MOTONETA OU CICLOMOTOR SEM CAPACETE DE SEGURANÇA"
503,244 II,70481,7,"70481 - CONDUZIR MOTOCICLETA, MOTONETA OU CICLOMOTOR TRANSPORTANDO PASSAGEIRO SEM O CAPACETE DE SEGURANÇA"
504,244 I,70302,7,"70302 - CONDUZIR MOTOCICLETA, MOTONETA OU CICLOMOTOR COM CAPACETE DE SEGURANÇA SEM VISEIRA OU ÓCULOS DE PROTEÇÃO"
505,244 II,70480,7,"70480 - CONDUZIR MOTOCICLETA, MOTONETA OU CICLOMOTOR TRANSPORTANDO PASSAGEIRO, SEM USAR CAPACETE DE SEGURANÇA COM VISEIRA OU ÓCULOS DE PROTEÇÃO OU FORA DO ASSENTO SUPLEMENTAR COLOCADO ATRÁS DO CONDUTOR OU COM CARRO LATERAL"
506,244 I,70303,7,"70303 - CONDUZIR MOTOCICLETA, MOTONETA OU CICLOMOTOR SEM VESTUÁRIO DE ACORDO COM NORMAS APROVADAS PELO CONTRAN"
507,244 II,70483,7,"70483 - CONDUZIR MOTOCICLETA, MOTONETA OU CICLOMOTOR TRANSPORTANDO PASSAGEIRO FORA DO ASSENTO SUPLEMENTAR COLOCADO ATRÁS DO CONDUTOR OU EM CARRO LATERAL"
508,244 III,70561,7,"70561 - CONDUZIR MOTOCICLETA, MOTONETA, CICLOMOTOR FAZENDO MALABARISMO OU EQUILIBRANDO-SE APENAS EM UMA RODA"
509,244 III,70562,7,70562 - CONDUZIR CICLO FAZENDO MALABARISMO OU EQUILIBRANDO-SE APENAS EM UMA RODA
510,244 IV,70640,7,"70640 - CONDUZIR MOTOCICLETA, MOTONETA E CICLOMOTOR COM OS FARÓIS APAGADOS"
511,244 V,70720,7,"70720 - CONDUZIR MOTOCICLETA, MOTONETA E CICLOMOTOR TRANSPORTANDO CRIANÇA MENOR DE SETE ANOS OU QUE NÃO TENHA, NAS CIRCUNSTÂNCIAS, CONDIÇÃO DE CUIDAR DE SUA PRÓPRIA SEGURANÇA"
512,244 VI,70800,5,"70800 - CONDUZIR MOTOCICLETA, MOTONETA OU CICLOMOTOR REBOCANDO OUTRO VEÍCULO"
513,244 VII,70990,5,"70990 - CONDUZIR MOTOCICLETA, MOTONETA, CICLOMOTOR OU CICLO SEM SEGURAR O GUIDOM COM AMBAS AS MÃOS, SALVO EVENTUALMENTE PARA INDICAÇÃO DE MANOBRAS"
514,244 VII,70991,4,"70991 - CONDUZIR MOTOCICLETA, MOTONETA, CICLOMOTOR SEM SEGURAR O GUIDOM COM AMBAS AS MÃOS, SALVO EVENTUALMENTE PARA INDICAÇÃO DE MANOBRAS"
515,244 § 1,70992,4,"70992 - CONDUZIR CICLO SEM SEGURAR O GUIDOM COM AMBAS AS MÃOS, SALVO EVENTUALMENTE PARA INDICAÇÃO DE MANOBRAS"
516,244 VIII,71020,5,"71020 - CONDUZIR MOTOCICLETA, MOTONETA, CICLOMOTOR OU CICLO TRANSPORTANDO CARGA INCOMPATÍVEL COM SUAS ESPECIFICAÇÕES"
517,244 VIII,71021,5,"71021 - CONDUZIR MOTOCICLETA, MOTONETA OU CICLOMOTOR TRANSPORTANDO CARGA INCOMPATÍVEL COM SUAS ESPECIFICAÇÕES"
518,244 § 1,71022,4,71022 - CONDUZIR CICLO TRANSPORTANDO CARGA INCOMPATÍVEL COM SUAS ESPECIFICAÇÕES
519,244 § 1 A,71100,4,71100 - CONDUZIR CICLO TRANSPORTANDO PASSAGEIRO FORA DA GARUPA OU DO ASSENTO ESPECIAL A ELE DESTINADO
520,244 § 1 B,71290,4,"71290 - CONDUZIR CICLO E CICLOMOTOR EM VIAS DE TRÂNSITO RÁPIDO OU RODOVIAS SALVO, ONDE HOUVER ACOSTAMENTO OU FAIXA DE ROLAMENTO PRÓPRIA"
521,244 § 1 B,71291,4,71291 - CONDUZIR CICLO EM VIAS DE TRÂNSITO RÁPIDO SALVO ONDE HOUVER ACOSTAMENTO OU FAIXA DE ROLAMENTO PRÓPRIA
522,244 § 1 B,71292,4,71292 - CONDUZIR CICLO EM RODOVIAS SALVO ONDE HOUVER ACOSTAMENTO OU FAIXA DE ROLAMENTO PRÓPRIA
523,244 § 2,71293,4,71293 - CONDUZIR CICLOMOTOR EM VIAS DE TRÂNSITO RÁPIDO SALVO ONDE HOUVER ACOSTAMENTO OU FAIXA DE ROLAMENTO PRÓPRIA
524,244 § 2,71294,4,71294 - CONDUZIR CICLOMOTOR EM RODOVIAS SALVO ONDE HOUVER ACOSTAMENTO OU FAIXA DE ROLAMENTO PRÓPRIA
525,244 II,70482,7,"70482 - CONDUZIR MOTOCICLETA, MOTONETA OU CICLOMOTOR TRANSPORTANDO PASSAGEIRO COM CAPACETE DE SEGURANÇA SEM VISEIRA OU ÓCULOS DE PROTEÇÃO"
526,245,71450,5,"71450 - UTILIZAR A VIA PARA DEPÓSITO DE MERCADORIAS, MATERIAIS E EQUIPAMENTOS SEM AUTORIZAÇÃO DO ÓRGÃO OU ENTIDADE DE TRÂNSITO COM CIRCUNSCRIÇÃO SOBRE A VIA"
527,244 III,70560,7,"70560 - CONDUZIR MOTOCICLETA, MOTONETA CICLOMOTOR E CICLO FAZENDO MALABARISMO OU EQUILIBRANDO-SE APENAS EM APENAS UMA DAS RODAS"
528,244 § 1 C,71370,4,"71370 - CONDUZIR CICLO TRANSPORTANDO CRIANÇAS QUE NÃO TENHAM, NAS CIRCUNSTÂNCIAS, CONDIÇÕES DE CUIDAR DE SUA PRÓPRIA SEGURANÇA"
529,246,71530,7,"71530 - DEIXAR DE SINALIZAR QUALQUER OBSTÁCULO A LIVRE CIRCULAÇÃO, A SEGURANÇA DE VEÍCULO E PEDESTRE, TANTO NO LEITO DA VIA TERRESTRE COMO NA CALCADA, OU OBSTACULIZAR A VIA INDEVIDAMENTE, SEM AGRAVAMENTO DA PENALIDADE PELA AUTORIDADE DE TRÂNSITO"
530,246,71610,7,"71610 - DEIXAR DE SINALIZAR QUALQUER OBSTÁCULO A LIVRE CIRCULAÇÃO, A SEGURANÇA DE VEÍCULO E PEDESTRE, TANTO NO LEITO DA VIA TERRESTRE COMO NA CALCADA, OU OBSTACULIZAR A VIA INDEVIDAMENTE, COM AGRAVAMENTO DA PENALIDADE DE DUAS VEZES PELA AUTORIDADE DE TRÂNSITO"
531,246,71700,7,"71700 - DEIXAR DE SINALIZAR QUALQUER OBSTÁCULO A LIVRE CIRCULAÇÃO, A SEGURANÇA DE VEÍCULO E PEDESTRE, TANTO NO LEITO DA VIA TERRESTRE COMO NA CALCADA, OU OBSTACULIZAR A VIA INDEVIDAMENTE, COM AGRAVAMENTO DA PENALIDADE DE TRÊS VEZES PELA AUTORIDADE DE TRÂNSITO"
532,246,71880,7,"71880 - DEIXAR DE SINALIZAR QUALQUER OBSTÁCULO A LIVRE CIRCULAÇÃO, A SEGURANÇA DE VEÍCULO E PEDESTRE, TANTO NO LEITO DA VIA TERRESTRE COMO NA CALCADA, OU OBSTACULIZAR A VIA INDEVIDAMENTE, COM AGRAVAMENTO DA PENALIDADE DE QUATRO VEZES PELA AUTORIDADE DE TRÂNSITO"
533,246,71960,7,"71960 - DEIXAR DE SINALIZAR QUALQUER OBSTÁCULO A LIVRE CIRCULAÇÃO, A SEGURANÇA DE VEÍCULO E PEDESTRE, TANTO NO LEITO DA VIA TERRESTRE COMO NA CALCADA, OU OBSTACULIZAR A VIA INDEVIDAMENTE, COM AGRAVAMENTO DA PENALIDADE DE QUATRO VEZES PELA AUTORIDADE DE TRÂNSITO"
534,249,72261,4,"72261 - DEIXAR DE MANTER ACESAS A NOITE, AS LUZES DE POSIÇÃO QUANDO O VEÍCULO ESTIVER PARADO PARA FINS DE EMBARQUE OU DESEMBARQUE DE PASSAGEIROS"
535,248,72180,5,"72180 - TRANSPORTAR EM VEÍCULO DESTINADOS AO TRANSPORTE DE PASSAGEIROS, CARGA EXCEDENTE EM DESACORDO COM AS NORMAS ESTABELECIDAS PELO CONTRAN"
536,249,72262,4,"72262 - DEIXAR DE MANTER ACESAS A NOITE, AS LUZES DE POSIÇÃO QUANDO O VEÍCULO ESTIVER PARADO PARA FINS DE CARGA E DESCARGA DE MERCADORIAS"
537,249,72260,4,"72260 - DEIXAR DE MANTER ACESAS A NOITE, AS LUZES DE POSIÇÃO QUANDO O VEÍCULO ESTIVER PARADO PARA FINS DE EMBARQUE OU DESEMBARQUE DE PASSAGEIROS E DE CARGA OU DESCARGA DE MERCADORIAS"
538,247,72000,4,"72000 - DEIXAR DE CONDUZIR PELO BORDO DA PISTA DE ROLAMENTO, EM FILA ÚNICA, OS VEÍCULOS DE TRAÇÃO OU PROPULSÃO HUMANA E OS DE TRAÇÃO ANIMAL, SEMPRE QUE NÃO HOUVER ACOSTAMENTO OU FAIXA A ELES DESTINADAS"
539,250 I C,72500,4,"72500 - EM MOVIMENTO DE DIA, DEIXAR DE MANTER ACESA LUZ BAIXA DE VEÍCULOS DE TRANSPORTE COLETIVO FAIXAS/ PISTAS DESTINADAS"
540,250 I B,72420,4,"72420 - DEIXAR DE MANTER ACESA A LUZ BAIXA, QUANDO O VEÍCULO ESTIVER EM MOVIMENTO, DE DIA, NOS TÚNEIS PROVIDOS DE ILUMINAÇÃO PÚBLICA E NAS RODOVIAS"
541,250 I A,72340,4,"72340 - DEIXAR DE MANTER ACESA A LUZ BAIXA, QUANDO O VEÍCULO ESTIVER EM MOVIMENTO, DURANTE A NOITE"
542,251 I,72930,4,"72930 - UTILIZAR AS LUZES DO VEÍCULO, PISCA ALERTA, EXCETO EM IMOBILIZAÇÕES OU SITUAÇÕES DE EMERGÊNCIA"
543,251 II,73070,4,"73070 - UTILIZAR LUZ ALTA E BAIXA INTERMITENTE, EXCETO QUANDO PERMITIDO PELO CTB"
544,252 I,73150,4,73150 - DIRIGIR O VEÍCULO COM O BRAÇO DO LADO DE FORA
545,252 II,73230,4,"73230 - DIRIGIR O VEÍCULO TRANSPORTANDO PESSOAS, ANIMAIS OU VOLUME À SUA ESQUERDA OU ENTRE OS BRAÇOS E PERNAS"
546,252 II,73231,4,73231 - DIRIGIR O VEÍCULO TRANSPORTANDO PESSOAS À SUA ESQUERDA OU ENTRE OS BRAÇOS E PERNAS
547,252 II,73232,4,73232 - DIRIGIR O VEÍCULO TRANSPORTANDO ANIMAIS À SUA ESQUERDA OU ENTRE OS BRAÇOS E PERNAS
548,252 II,73233,4,73233 - DIRIGIR O VEÍCULO TRANSPORTANDO VOLUME À SUA ESQUERDA OU ENTRE OS BRAÇOS E PERNAS
549,252 III,73310,4,73310 - DIRIGIR O VEÍCULO COM INCAPACIDADE FÍSICA OU MENTAL TEMPORÁRIA QUE COMPROMETA A SEGURANÇA DO TRÂNSITO
550,252 IV,73400,4,73400 - DIRIGIR O VEÍCULO USANDO CALÇADO QUE NÃO SE FIRME AOS PÉS OU QUE COMPROMETA A UTILIZAÇÃO DOS PEDAIS
551,252 V,73580,4,"73580 - DIRIGIR O VEÍCULO COM APENAS UMA DAS MÃOS, EXCETO QUANDO DEVA FAZER SINAIS REGULAMENTARES DE BRAÇO, MUDAR A MARCHA DO VEÍCULO OU ACIONAR EQUIPAMENTOS E ACESSÓRIOS DO VEÍCULO"
552,252 VI,73660,4,73660 - DIRIGIR O VEÍCULO UTILIZANDO-SE DE FONES NOS OUVIDOS CONECTADOS A APARELHAGEM SONORA OU DE TELEFONE CELULAR
553,252 VI,73661,4,73661 - DIRIGIR O VEÍCULO UTILIZANDO-SE DE FONES NOS OUVIDOS CONECTADOS A APARELHAGEM SONORA
554,252 VI,73662,4,73662 - DIRIGIR O VEÍCULO UTILIZANDO-SE DE TELEFONE CELULAR
555,253,73740,7,73740 - BLOQUEAR A VIA COM O VEÍCULO
556,250 I D,72690,4,"72690 - EM MOVIMENTO DE DIA, DEIXAR DE MANTER ACESA LUZ BAIXA DE MOTOCICLETAS/MOTONETAS/CICLOMOTORES"
557,250 II,72770,4,"72770 - DEIXAR DE MANTER ACESAS PELO MENOS AS LUZES DE POSIÇÃO SOB CHUVA FORTE, NEBLINA OU CERRAÇÃO, QUANDO O VEÍCULO ESTIVER EM MOVIMENTO"
558,250 III,72850,4,"72850 - DEIXAR DE MANTER A PLACA TRASEIRA ILUMINADA À NOITE, QUANDO O VEÍCULO ESTIVER EM MOVIMENTO"
559,254 I,73820,3,"73820 - É PROIBIDO AO PEDESTRE PERMANECER OU ANDAR NAS PISTAS DE ROLAMENTO, EXCETO PARA CRUZÁ-LAS ONDE FOR PERMITIDO"
560,254 I,73821,3,"73821 - É PROIBIDO AO PEDESTRE PERMANECER NAS PISTAS DE ROLAMENTO, EXCETO PARA CRUZÁ-LAS ONDE FOR PERMITIDO"
561,254 I,73822,3,"73822 - É PROIBIDO AO PEDESTRE ANDAR NAS PISTAS DE ROLAMENTO, EXCETO PARA CRUZÁ-LAS ONDE FOR PERMITIDO"
562,254 II,73900,3,"73900 - É PROIBIDO AO PEDESTRE CRUZAR PISTAS DE ROLAMENTO NOS VIADUTOS, PONTES OU TÚNEIS SALVO ONDE EXISTA PERMISSÃO"
563,254 II,73901,3,"73901 - É PROIBIDO AO PEDESTRE CRUZAR PISTAS DE ROLAMENTO NOS VIADUTOS, SALVO ONDE EXISTA PERMISSÃO"
564,254 II,73902,3,73902 - É PROIBIDO AO PEDESTRE CRUZAR PISTAS DE ROLAMENTO NAS PONTES SALVO ONDE EXISTA PERMISSÃO
565,254 II,73903,3,"73903 - É PROIBIDO AO PEDESTRE CRUZAR PISTAS DE ROLAMENTO NOS TÚNEIS, SALVO ONDE EXISTA PERMISSÃO"
566,254 III,74040,3,"74040 - É PROIBIDO AO PEDESTRE ATRAVESSAR A VIA DENTRO DE ÁREAS DE CRUZAMENTO, SALVO QUANDO HOUVER SINALIZAÇÃO PARA ESSE FIM"
567,254 V,74200,3,"74200 - É PROIBIDO AO PEDESTRE ANDAR FORA DA FAIXA PRÓPRIA, PASSARELA, PASSAGEM AÉREA OU SUBTERRÂNEA"
568,254 V,74202,3,74202 - É PROIBIDO AO PEDESTRE ANDAR FORA DA PASSARELA
569,254 V,74203,3,74203 - É PROIBIDO AO PEDESTRE ANDAR FORA DA PASSAGEM AÉREA
570,254 V,74204,3,74204 - É PROIBIDO AO PEDESTRE ANDAR FORA DA PASSAGEM SUBTERRÂNEA
571,254 VI,74390,3,74390 - É PROIBIDO AO PEDESTRE DESOBEDECER A SINALIZAÇÃO DE TRÂNSITO ESPECÍFICA
572,255,74470,4,74470 - CONDUZIR BICICLETA EM PASSEIOS ONDE NÃO SEJA PERMITIDA A CIRCULAÇÃO DESTA OU DE FORMA AGRESSIVA
573,255,74471,4,74471 - CONDUZIR BICICLETA EM PASSEIOS ONDE NÃO SEJA PERMITIDA A CIRCULAÇÃO DESTA
574,255,74472,4,74472 - CONDUZIR BICICLETA DE FORMA AGRESSIVA
575,254 V,74201,3,74201 - É PROIBIDO AO PEDESTRE ANDAR FORA DA FAIXA PRÓPRIA
576,254 IV,74120,3,"74120 - É PROIBIDO AO PEDESTRE UTILIZAR-SE DA VIA EM AGRUPAMENTOS CAPAZES DE PERTURBAR O TRÂNSITO OU PARA A PRATICA DE QUALQUER FOLGUEDO, ESPORTES, DESFILES E SIMILARES, SALVO EM CASOS ESPECIAIS E COM A DEVIDA LICENÇA DE AUTORIDADE COMPETENTE"
577,218 III,74710,7,"74710 - TRANSITAR EM VELOCIDADE SUPERIOR À MÁXIMA PERMITIDA PARA O LOCAL, MEDIDA POR INSTRUMENTO OU EQUIPAMENTO HÁBIL, RODOVIAS, VIAS DE TRÂNSITO RÁPIDO, VIAS ARTERIAIS E DEMAIS VIAS QUANDO A VELOCIDADE FOR SUPERIOR À MÁXIMA EM MAIS DE 50% (CINQUENTA POR CENTO)"
578,218 II,74630,5,"74630 - TRANSITAR EM VELOCIDADE SUPERIOR À MÁXIMA PERMITIDA PARA O LOCAL, MEDIDA POR INSTRUMENTO OU EQUIPAMENTO HÁBIL, RODOVIAS, VIAS DE TRÂNSITO RÁPIDO, VIAS ARTERIAIS E DEMAIS VIAS QUANDO A VELOCIDADE FOR SUPERIOR À MÁXIMA EM MAIS DE 20% (VINTE POR CENTO) ATÉ 50% (CINQUENTA POR CENTO)"
579,230 V,65991,7,65991 - CONDUZIR O VEÍCULO QUE NÃO ESTEJA REGISTRADO
580,181 XIX,55680,5,55680 - ESTACIONAR O VEÍCULO EM LOCAIS E HORÁRIOS DE ESTACIONAMENTO E PARADA PROIBIDA PELA SINALIZAÇÃO
581,230 V,65992,7,65992 - CONDUZIR O VEÍCULO REGISTRADO QUE NÃO ESTEJA DEVIDAMENTE LICENCIADO
582,234,69394,7,69394 - ADULTERAR DOCUMENTO DE IDENTIFICAÇÃO DO VEÍCULO
583,234,69393,7,69393 - FALSIFICAR DOCUMENTO DE IDENTIFICAÇÃO DO VEÍCULO
584,244 V,70721,7,70721 - CONDUZIR MOTOCICLETA/MOTONETA/CICLOMOTOR TRANSPORTANDO CRIANÇA MENOR DE 10 ANOS DE IDADE
585,244 V,70722,7,"70722 - CONDUZIR MOTOCICLETA, MOTONETA E CICLOMOTOR TRANSPORTANDO CRIANÇA SEM CONDIÇÃO CUIDAR PRÓPRIA SEGURANÇA"
586,246,71531,7,71531 - DEIXAR DE SINALIZAR OBSTÁCULO À CIRCULAÇÃO/ SEGURANÇA CALÇADA/ PISTA – SEM AGRAVAMENTO
587,246,71702,7,71702 - OBSTACULIZAR A VIA INDEVIDAMENTE – AGRAVAMENTO 3X
588,218 I,74550,4,"74550 - TRANSITAR EM VELOCIDADE SUPERIOR À MÁXIMA PERMITIDA PARA O LOCAL, MEDIDA POR INSTRUMENTO OU EQUIPAMENTO HÁBIL, RODOVIAS, VIAS DE TRÂNSITO RÁPIDO, VIAS ARTERIAIS E DEMAIS VIAS QUANDO A VELOCIDADE FOR SUPERIOR À MÁXIMA EM ATÉ 20% (VINTE POR CENTO)"
589,246,71881,7,71881 - DEIXAR DE SINALIZAR OBSTÁCULO CIRCULAÇÃO/ SEGURANÇA CALÇADA/ PISTA – AGRAVAMENTO 4X
590,246,71882,7,71882 - OBSTACULIZAR A VIA INDEVIDAMENTE – AGRAVAMENTO 4X
591,246,71961,7,71961 - DEIXAR DE SINALIZAR OBSTÁCULO CIRCULAÇÃO/ SEGURANÇA CALÇADA/ PISTA – AGRAVAMENTO 5X
592,246,71962,7,71962 - OBSTACULIZAR A VIA INDEVIDAMENTE – AGRAVAMENTO 5X
593,247,72001,4,72001 - DEIXAR DE CONDUZIR PELO BORDO PISTA EM FILA ÚNICA VEÍCULO DE TRAÇÃO/ PROPULSÃO HUMANA
594,247,72002,4,72002 - DEIXAR DE CONDUZIR PELO BORDO DA PISTA EM FILA ÚNICA VEÍCULO DE TRAÇÃO ANIMAL
595,187 I,57463,4,57463 - TRANSITAR EM LOCAL/HORÁRIO NÃO PERMITIDO PELA REGULAMENTAÇÃO - VEÍCULO DE CARGA
596,246,71532,7,71532 - OBSTACULIZAR A VIA INDEVIDAMENTE - SEM AGRAVAMENTO
597,246,71601,7,71601 - DEIXAR DE SINALIZAR OBSTÁCULO CIRCULAÇÃO/ SEGURANÇA CALÇADA/ PISTA – AGRAVAMENTO 2X
598,246,71602,7,71602 - OBSTACULIZAR A VIA INDEVIDAMENTE – AGRAVAMENTO 2X
599,181 XVII,55416,3,55416 - ESTACIONAR EM DESACORDO COM A REGULAMENTAÇÃO - VAGA PARA IDOSO.
600,184 III,75870,7,75870 - TRANSITAR COM O VEÍCULO NA FAIXA OU VIA EXCLUSIVA REGULAMENTADA PARA TRANSPORTE PÚBLICO COLETIVO DE PASSAGEIROS
601,246,71701,7,71701 - DEIXAR DE SINALIZAR OBSTÁCULO CIRCULAÇÃO/ SEGURANÇA CALÇADA/ PISTA – AGRAVAMENTO 3X
602,165 A,75790,7,75790 - CONDUTOR QUE SE RECUSAR A SUBMETER A QUALQUER DOS PROCEDIMENTOS PREVISTOS NO ART. 277 DO CTB
603,230 XXIII,75600,4,75600 - CONDUZIR VEÍCULO DE CARGA OU PASSAGEIROS EM DESACORDO COM INTERVALOS PARA DESCANSO
604,250 I B,72421,4,"72421 - EM MOVIMENTO DE DIA, DEIXAR DE MANTER ACESA LUZ BAIXA EM TÚNEIS"
605,250 I B,72422,4,"72422 - EM MOVIMENTO DE DIA, DEIXAR DE MANTER ACESA LUZ BAIXA SOB CHUVA, NEBLINA OU CERRAÇÃO"
606,253 A,76171,7,"76171 - USAR QUALQUER VEÍCULO PARA, DELIBERADAMENTE, INTERROMPER A CIRCULAÇÃO NA VIA SEM AUTORIZAÇÃO DO ÓRGÃO"
607,253 A,76172,7,"76172 - USAR QUALQUER VEÍCULO PARA, DELIBERADAMENTE, RESTRINGIR A CIRCULAÇÃO NA VIA SEM AUTORIZAÇÃO DO ÓRGÃO"
608,253 A,76173,7,"76173 - USAR QUALQUER VEÍCULO PARA, DELIBERADAMENTE, PERTURBAR A CIRCULAÇÃO NA VIA SEM AUTORIZAÇÃO DO ÓRGÃO"
609,181 XX,76252,7,"76252 - ESTACIONAR O VEÍCULO NAS VAGAS RESERVADAS A IDOSOS, SEM CREDENCIAL QUE COMPROVE TAL CONDIÇÃO"
610,165 B,76410,7,"76410 - CONDUZIR VEÍCULO PARA O QUAL SEJA EXIGIDA HABILITAÇÃO NAS CATEGORIAS C, D OU E SEM REALIZAR EXAME TOXICOLÓGICO PREVISTO NO § 2º DO ART. 148-A, APÓS 30 DIAS DO VENCIMENTO DO PRAZO ESTABELECIDO"
611,182 XI,76700,5,76700 - PARAR O VEÍCULO SOBRE CICLOVIA OU CICLOFAIXA
612,165 B § único,76500,7,"76500 - EXERCE ATIVIDADE REMUNERADA AO VEÍCULO E NÃO COMPROVA A REALIZAÇÃO DE EXAME TOXICOLÓGICO PERIÓDICO EXIGIDO PELO § 2º DO ART. 148-A POR OCASIÃO DA RENOVAÇÃO DO DOCUMENTO DE HABILITAÇÃO NAS CATEGORIAS C, D OU E"
613,244 X,76841,4,"76841 - CONDUZIR MOTOCICLETA, MOTONETA E CICLOMOTOR COM UTILIZAÇÃO DE CAPACETE DE SEGURANÇA SEM VISEIRA/ ÓCULOS DE PROTEÇÃO"
614,244 X,76842,4,"76842 - CONDUZIR MOTOCICLETA, MOTONETA E CICLOMOTOR COM UTILIZAÇÃO DE CAPACETE DE SEGURANÇA COM VISEIRA/ ÓCULOS PROTEÇÃO EM DESCUMPRIMENTO COM A REGULAMENTO DA CONTRAN"
615,244 XI,77141,4,"77141 - CONDUZIR MOTOCICLETA, MOTONETA E CICLOMOTOR TRANSPORTANDO PASSAGEIRO COM CAPACETE DE SEGURANÇA SEM VISEIRA/ ÓCULOS DE PROTEÇÃO"
616,244 XI,77142,4,"77142 - CONDUZIR MOTOCICLETA, MOTONETA OU CICLOMOTOR TRANSPORTANDO PASSAGEIRO COM O CAPACETE DE SEGURANÇA COM VISEIRA/ ÓCULOS DE PROTEÇÃO EM DESCUMPRIMENTO COM A REGULAMENTO DA CONTRAN"
617,250 I E,77220,4,"77220 - QUANDO O VEÍCULO ESTIVER EM MOVIMENTO DEIXAR DE MANTER ACESA LUZ BAIXA DE DIA, EM RODOVIAS DE PISTA SIMPLES SITUADAS FORA DOS PERÍMETROS URBANOS, NO CASO DE VEÍCULOS DESPROVIDOS DE LUZES DE RODAGEM DIURNA"
618,233 c/c 123 I,69201,4,"69201 - DEIXAR DE EFETUAR REGISTRO DO VEÍCULO EM 30 DIAS, QUANDO FOR TRANSFERIR A PROPRIEDADE"
619,233 c/c 123 II,69202,4,"69202 - DEIXAR DE EFETUAR REGISTRO DO VEÍCULO EM 30 DIAS, QUANDO MUDAR O MUNICÍPIO DE DOMICILIO/ RESIDÊNCIA"
620,233 c/c 123 III,69203,4,"69203 - DEIXAR DE EFETUAR REGISTRO DE VEÍCULO EM 30 DIAS, QUANDO FOR ALTERADA QUALQUER CARÁTER DO VEÍCULO"
621,233 c/c 123 IV,69204,4,"69204 - DEIXAR DE EFETUAR REGISTRO DE VEÍCULO EM 30 DIAS, QUANDO HOUVER MUDANÇA DE CATEGORIA"
622,181 XX,76251,7,"76251 - ESTACIONAR O VEÍCULO NAS VAGAS RESERVADAS ÀS PESSOAS COM DEFICIÊNCIA OU IDOSOS, SEM CREDENCIAL QUE COMPROVE TAL CONDIÇÃO"
623,252 § único,76331,7,76331 - DIRIGIR VEÍCULO SEGURANDO TELEFONE CELULAR
624,181 XVII,55417,5,55417 - ESTACIONAR EM DESACORDO COM A REGULAMENTAÇÃO - VAGA DE CURTA DURAÇÃO.
625,252 § único,76332,7,76332 - DIRIGIR VEÍCULO MANUSEANDO TELEFONE
626,257 do CTB,50020,0,"50020 - MULTA POR NÃO IDENTIFICAÇÃO DO CONDUTOR INFRATOR, IMPOSTA À PESSOA JURÍDICA (ART. 257 DO CTB)"
627,"231, V do CTB",68312,0,"68312 - TRANSITAR COM O VEÍCULO COM EXCESSO DE PESO POR EIXO (ART. 231, V DO CTB)"
628,"231, V do CTB",68313,0,"68313 - TRANSITAR COM O VEÍCULO COM EXCESSO DE PESO - PBT/PBTC E POR EIXO (ART. 231, V DO CTB)"
629,"231, V do CTB",68311,0,"68311 - TRANSITAR COM O VEÍCULO COM EXCESSO DE PESO - PBT/PBTC (ART. 231, V DO CTB)"
630,209-A do CTB,77301,0,77301 - EVADIR-SE DA COBRANÇA PELO USO DE RODOVIAS/VIAS URBANAS POR NÃO EFETUAR PAGAMENTO (ART. 209-A DO CTB)
